Character,Pinyin,Tones,Rhythm
恸,tong4,仄,去声一送
门,men2,平,上平十三元
展,zhan3,仄,上声十六铣
答,da2,仄,入声十五合
诉,su4,仄,去声七遇
铎,duo2,仄,入声十药
螂,lang2,平,下平七阳
迤,yi3,平、仄,上平四支、下平五歌、上声四纸
桠,ya2,平,下平六麻
升,sheng1,平,下平十蒸
勿,wu4,仄,入声五物
蝴,hu2,平,上平七虞
缜,zhen1,仄,上声十一轸
砧,zhen1,平,下平十二侵
箱,xiang1,平,下平七阳
鹏,peng2,平,下平十蒸
研,yan2,平、仄,下平一先、去声十七霰
狎,xia2,仄,入声十六叶
泣,qi4,仄,入声十四缉
灿,can4,仄,去声十五翰
掬,ju2,仄,入声一屋
俞,yu2,平,上平七虞
蜉,fu2,平,下平十一尤
革,ge2,仄,入声十一陌
妍,yan2,平,下平一先
嵘,rong2,平,下平八庚
鬓,bin4,仄,去声十二震
岘,xian4,仄,上声十六铣
邻,lin2,平,上平十一真
讥,ji1,平,上平五微
颗,ke1,仄,上声二十哿
娱,yu2,平,上平七虞
畿,ji1,平,上平五微
草,cao3,仄,上声十九皓
孰,shu2,仄,入声一屋
宋,song4,仄,去声二宋
怏,yang4,仄,上声二十二养、去声二十三漾
装,zhuang1,平,下平七阳
伉,kang4,仄,去声二十三漾
众,zhong4,仄,去声一送
痊,quan2,平,下平一先
渣,zha1,平、仄,去声二十二祃、下平六麻
述,shu4,仄,入声四质
蒻,ruo4,仄,入声十药
司,si1,平、仄,上平四支、去声四寘
鸢,yuan1,平,下平一先
钊,zhao1,平,下平二萧
疵,ci1,平,上平四支
施,shi1,平、仄,上平四支、去声四寘
姨,yi2,平,上平四支
缕,lv3,仄,上声七麌
稻,dao4,仄,上声十九皓
狒,fei4,仄,去声五未
纵,zong4,平、仄,去声二宋、上平二冬、上声一董
矜,jin1,平,上平十一真、上平十五删、下平十蒸
践,jian4,仄,上声十六铣
坳,ao4,平、仄,去声十九效、下平三肴
介,jie4,仄,去声十卦
筛,shai1,平,上平九佳、上平四支
挛,luan2,平,下平一先
赧,nan3,仄,上声十五潸
物,wu4,仄,入声五物
溢,yi4,仄,入声四质
谨,jin3,仄,上声十二吻
缔,di4,平、仄,上平八齐、去声八霁
筹,chou2,平,下平十一尤
奥,ao4,仄,去声二十号
合,he2,仄,入声十五合
头,tou2,平,下平十一尤
涣,huan4,仄,去声十五翰
宴,yan4,仄,去声十五翰、上声十六铣、去声十七霰
拇,mu3,仄,上声二十五有、上声七麌
夫,fu1,平,上平七虞
陂,bei1,平、仄,上平四支、去声四寘
珠,zhu1,平,上平七虞
蚌,bang4,仄,上声三讲
膺,ying1,平,下平十蒸
绥,sui1,平,上平四支
音,yin1,平,下平十二侵
函,han2,平,下平十五咸、下平十三覃
餮,tie4,仄,入声九屑
鍊,lian4,仄,去声十七霰
樯,qiang2,平,下平七阳
一,yi1,仄,入声四质
煮,zhu3,仄,上声六语
刷,shua1,仄,入声八黠、入声九屑
灯,deng1,平,下平十蒸
北,bei3,仄,去声十一队、入声十三职
抹,mo3,仄,入声七曷
尾,wei3,仄,上声五尾
讶,ya4,仄,去声二十二祃
巍,wei1,平,上平五微、上平十灰
恧,nv4,仄,入声一屋、入声十三职
慑,she4,仄,入声十五合
琦,qi2,平,上平四支
宗,zong1,平,上平二冬
鹞,yao4,平、仄,去声十八啸、下平二萧
悟,wu4,仄,去声七遇
赭,zhe3,仄,上声二十一马
武,wu3,仄,上声七麌
霖,lin2,平,下平十二侵
差,cha4,平、仄,上平九佳、上平四支、去声二十二祃、下平六麻
巫,wu1,平,上平七虞
蹶,jue2,仄,去声八霁、入声六月
姣,jiao1,平、仄,上声十八巧、下平三肴
辇,nian3,仄,上声十六铣
狼,lang2,平,下平七阳
腼,mian3,仄,上声十六铣
赓,geng1,平,下平八庚
皲,jun1,平,上平十二文
弄,nong4,仄,去声一送
阂,he2,仄,去声十一队
铲,chan3,仄,去声十六谏、上声十六铣、上声十五潸
丹,dan1,平,上平十四寒
讨,tao3,仄,上声十九皓
螽,zhong1,平,上平一东
悯,min3,仄,上声十一轸
湮,yin1,平,上平十一真、下平一先
酥,su1,平,上平七虞
儡,lei3,平、仄,上平十灰、上声十贿
造,zao4,仄,去声二十号、上声十九皓
橹,lu3,仄,上声七麌
蕈,xun4,仄,上声二十六寝
坞,wu4,仄,上声七麌
剑,jian4,仄,去声三十陷、去声二十九艳
踪,zong1,平,上平二冬
牌,pai2,平,上平九佳
玩,wan2,仄,去声十五翰
吴,wu2,平,上平七虞
死,si3,仄,上声四纸
醇,chun2,平,上平十一真
度,du4,仄,入声十药、去声七遇
获,huo4,仄,入声十一陌、入声十药
带,dai4,仄,去声九泰
甘,gan1,平,下平十三覃
钜,ju4,仄,上声六语
漪,yi1,平,上平四支
机,ji1,平、仄,上平五微、上声四纸
尊,zun1,平,上平十三元
嶙,lin2,平、仄,上声十一轸、上平十一真
首,shou3,仄,上声二十五有、去声二十六宥
戌,xu1,仄,入声四质
争,zheng1,平,下平八庚
再,zai4,仄,去声十一队
压,ya1,仄,入声十六叶
菱,ling2,平,下平十蒸
褪,tun4,仄,去声十四愿
平,ping2,平,下平一先、下平八庚
沤,ou4,平、仄,去声二十六宥、下平十一尤
旅,lv3,仄,上声六语
哓,xiao1,平,下平二萧
法,fa3,仄,入声十六叶
冈,gang1,平,下平七阳
裆,dang1,平,下平七阳
叮,ding1,平,下平九青
嫂,sao3,仄,上声十九皓
所,suo3,仄,上声六语
雾,wu4,仄,去声七遇
盏,zhan3,仄,上声十五潸
技,ji4,仄,去声四寘、上声四纸
掉,diao4,仄,去声十八啸、上声十七筱
蹩,bie2,仄,入声九屑
催,cui1,平,上平十灰
唵,an3,仄,上声二十七感
忍,ren3,仄,上声十一轸
华,hua2,平、仄,去声二十二祃、下平六麻
贾,jia3,仄,去声二十二祃、上声二十一马、上声七麌
论,lun4,平、仄,上平十一真、去声十四愿、上平十三元
泰,tai4,仄,去声九泰
茨,ci2,平,上平四支
汲,ji2,仄,入声十四缉
宵,xiao1,平,下平二萧
谬,miu4,仄,去声二十六宥
央,yang1,平,下平七阳
刘,liu2,平,下平十一尤
娇,jiao1,平、仄,下平二萧、上声十七筱
艾,ai4,仄,去声九泰
旁,pang2,平、仄,下平七阳、去声二十三漾
尉,wei4,仄,去声五未、入声五物
丕,pi1,平,上平四支
扩,kuo4,仄,入声十药
畅,chang4,仄,去声二十三漾
己,ji3,仄,上声四纸
叶,ye4,仄,入声十五合
憩,qi4,仄,去声八霁
颊,jia2,仄,入声十五合
它,ta1,平,下平五歌
暨,ji4,仄,去声五未、入声四质、去声四寘
膊,bo2,仄,入声十药
悛,quan1,平,下平一先
碧,bi4,仄,入声十一陌
艇,ting3,仄,上声二十四迥
需,xu1,平,上平七虞
晖,hui1,平,上平五微
扳,ban1,平、仄,去声十六谏、上平十五删
七,qi1,仄,入声四质
蝇,ying2,平,下平十蒸
俘,fu2,平,上平七虞
唤,huan4,仄,去声十五翰
凹,ao1,平,下平三肴
罝,ju1,平,下平六麻
准,zhun3,仄,上声十一轸、入声九屑
必,bi4,仄,入声四质
宥,you4,仄,去声二十六宥
培,pei2,平、仄,上声二十五有、上平十灰
书,shu1,平,上平四支、上平六鱼
悚,song3,仄,上声二肿
碱,jian3,平、仄,上声二十九豏、去声二十九艳、下平十四盐
凭,ping2,平、仄,去声二十五径、下平十蒸
尔,er3,仄,上声四纸
抡,lun2,平,上平十一真、上平十三元
宁,ning2,平、仄,上声六语、下平九青、去声二十五径
岭,ling2,仄,上声二十三梗
呶,nao2,平,下平三肴
堤,di1,平,上平八齐
缩,suo1,仄,入声一屋
牺,xi1,平,上平四支、下平五歌
澳,ao4,仄,入声一屋、去声二十号
绫,ling2,平,下平十蒸
谥,shi4,仄,去声四寘
棠,tang2,平,下平七阳
享,xiang3,仄,上声二十二养
莨,lang2,平,下平七阳
嚇,xia4,仄,入声十一陌、去声二十二祃
劣,lie4,仄,入声九屑
沿,yan2,平,下平一先
匈,xiong1,平,上平二冬
篮,lan2,平,下平十三覃
谶,chen4,仄,去声二十七沁
倒,dao3,仄,去声二十号、上声十九皓
剖,pou1,仄,上声二十五有、上声七麌
竺,zhu2,仄,入声一屋
帧,zheng4,仄,去声二十四敬
开,kai1,平,上平十灰
误,wu4,仄,去声七遇
逝,shi4,仄,去声八霁
撺,cuan1,平、仄,去声十五翰、上平十四寒
纷,fen1,平,上平十二文
恰,qia4,仄,入声十六叶
啮,nie4,仄,上声十八巧
禁,jin4,平、仄,下平十二侵、去声二十七沁
蓐,ru4,仄,入声二沃
继,ji4,仄,去声八霁
登,deng1,平,下平十蒸
鹂,li2,平,上平八齐、上平四支
鲁,lu3,仄,上声七麌
看,kan4,平、仄,去声十五翰、上平十四寒
茵,yin1,平,上平十一真
噫,yi1,平、仄,上平四支、入声十三职、去声十卦
留,liu2,平、仄,去声二十六宥、下平十一尤
削,xue1,仄,入声十药
谋,mou2,平,下平十一尤
蓉,rong2,平,上平二冬
殄,tian3,仄,上声十六铣
歉,qian4,仄,上声二十九豏、去声二十九艳、上声二十八琰
嗟,jie1,平,下平六麻
宫,gong1,平,上平一东
豹,bao4,仄,去声十九效
闲,xian2,平,上平十五删
溧,li4,仄,入声四质
珂,ke1,平,下平五歌
敬,jing4,仄,去声二十四敬
擒,qin2,平,下平十二侵
志,zhi4,仄,去声四寘
刮,gua1,仄,入声八黠
帷,wei2,平,上平四支
汞,gong3,仄,去声一送、上声一董
盆,pen2,平,上平十三元
峡,xia2,仄,入声十六叶
蹉,cuo1,平、仄,下平五歌、去声二十一个
懑,men4,仄,上声十四旱
纳,na4,仄,入声十五合
伺,si4,仄,去声四寘
科,ke1,平,下平五歌
裤,ku4,仄,去声七遇
盼,pan4,仄,去声十六谏
哨,shao4,平、仄,去声十八啸、下平二萧
霰,xian4,仄,去声十七霰
虎,hu3,仄,上声七麌
榛,zhen1,平,上平十一真
兽,shou4,仄,去声二十六宥
侣,lv3,仄,上声六语
槊,shuo4,仄,入声三觉
异,yi4,仄,去声四寘
陵,ling2,平,下平十蒸
颔,han4,平、仄,上声二十七感、下平十三覃
钩,gou1,平,下平十一尤
疮,chuang1,平,下平七阳
真,zhen1,平,上平十一真
期,qi1,平,上平四支
严,yan2,平,下平十五咸、下平十四盐
嘿,hei1,仄,入声十三职
沭,shu4,仄,入声四质
阻,zu3,仄,上声六语
殉,xun4,仄,去声十二震
虑,lv4,平、仄,入声二沃、去声六御、上平六鱼
隆,long2,平,上平一东
敞,chang3,仄,上声二十二养
般,ban1,平,上平十四寒、上平十五删
储,chu3,平,上平六鱼
曳,ye4,仄,去声八霁
藤,teng2,平,下平十蒸
晶,jing1,平,下平八庚
绌,zhuo2,仄,入声四质
博,bo2,仄,入声十药
沃,wo4,仄,入声二沃
蒟,ju3,仄,上声七麌、去声七遇
柳,liu3,仄,上声二十五有
鼠,shu3,仄,上声六语
镌,juan1,平,下平一先
沧,cang1,平,下平七阳
揉,rou2,平、仄,上声二十五有、去声二十六宥、下平十一尤
兵,bing1,平,下平八庚
叱,chi4,仄,入声四质
椁,guo3,仄,入声十药
锈,xiu4,仄,去声二十六宥
莲,lian2,平,下平一先
咛,ning2,平,下平九青
匡,kuang1,平,下平七阳
牍,du2,仄,入声一屋
威,wei1,平,上平五微
茔,ying2,平,下平八庚
谔,e4,仄,入声十药
俏,qiao4,仄,去声十八啸
吃,chi1,仄,入声五物、入声十二锡
赛,sai4,仄,去声十一队
陪,pei2,平,上平十灰
手,shou3,仄,上声二十五有
锉,cuo4,仄,去声二十一个
泓,hong2,平,下平八庚
情,qing2,平,下平八庚
玖,jiu3,仄,上声二十五有
朴,po4,仄,入声一屋、入声三觉
疫,yi4,仄,入声十一陌
暴,bao4,仄,入声一屋、去声二十号
祈,qi2,平,上平五微
钢,gang1,平,下平七阳
爰,yuan2,平,上平十三元
苗,miao2,平,下平二萧
臾,yu2,平,上平七虞
撩,liao1,平,下平二萧
聘,pin4,仄,去声二十四敬
奏,zou4,仄,去声二十六宥
荫,yin4,平、仄,下平十二侵、去声二十七沁
伫,zhu4,仄,上声六语
分,fen1,平、仄,去声十三问、上平十二文
渚,zhu3,仄,上声六语
缺,que1,仄,入声九屑
防,fang2,平、仄,下平七阳、去声二十三漾
镜,jing4,仄,去声二十四敬
赌,du3,仄,上声七麌
咆,pao2,平,下平三肴
停,ting2,平,下平九青
请,qing3,平、仄,上声二十三梗、去声二十四敬、下平八庚
绽,zhan4,仄,去声十六谏
喽,lou5,平、仄,上声二十五有、下平十一尤
洼,wa1,平,下平六麻
禽,qin2,平,下平十二侵
木,mu4,仄,入声一屋
塑,su4,仄,去声七遇
柚,you4,仄,入声一屋、去声二十六宥
袄,ao3,仄,上声十九皓
巨,ju4,仄,上声六语
忡,chong1,平,上平一东
坐,zuo4,仄,去声二十一个、上声二十哿
其,qi2,平、仄,上平四支、去声四寘
祗,zhi1,平、仄,上平四支、入声四质
酸,suan1,平,上平十四寒
诵,song4,仄,去声二宋
妾,qie4,仄,入声十五合
故,gu4,仄,去声七遇
仪,yi2,平,上平四支
疲,pi2,平,上平四支
恨,hen4,仄,去声十四愿
彗,hui4,仄,去声八霁、去声四寘
腑,fu3,仄,上声七麌
拔,ba2,仄,入声八黠、入声七曷
牝,pin4,仄,上声十一轸
腔,qiang1,平,上平三江
只,zhi3,仄,入声十一陌、上声四纸
据,ju4,平、仄,去声六御、上平六鱼
声,sheng1,平,下平八庚
千,qian1,平,下平一先
擭,wo4,仄,去声七遇
樟,zhang1,平,下平七阳
缬,xie2,仄,入声九屑
怅,chang4,仄,去声二十三漾
邃,sui4,仄,去声四寘
笋,sun3,仄,上声十一轸
幡,fan1,平,上平十三元
沙,sha1,平,下平六麻
炼,lian4,仄,去声十七霰
俎,zu3,仄,上声六语
床,chuang2,平,下平七阳
汕,shan4,仄,去声十六谏
运,yun4,仄,去声十三问
俪,li4,仄,去声八霁
泥,ni2,平、仄,上平八齐、去声八霁、上声八荠
摹,mo2,平,上平七虞
挲,suo1,平,下平五歌
吻,wen3,仄,上声十二吻
猬,wei4,仄,去声五未
肓,huang1,平,下平七阳
欢,huan1,平,上平十四寒
迂,yu1,平,上平七虞
咂,za1,仄,入声十五合
乡,xiang1,平,下平七阳
割,ge1,仄,入声七曷
斧,fu3,仄,上声七麌
闯,chuang3,仄,去声二十七沁
蕾,lei3,仄,上声十贿
管,guan3,仄,上声十四旱
别,bie2,仄,入声九屑
携,xie2,平,上平八齐
觐,jin3,仄,去声十二震
辙,che4,仄,入声九屑
赫,he4,仄,入声十一陌
尼,ni2,平、仄,上平四支、入声四质
哽,geng3,仄,上声二十三梗
亘,gen4,仄,去声二十五径
秕,bi3,仄,上声四纸
俊,jun4,仄,去声十二震
蟹,xie4,仄,上声九蟹
周,zhou1,平,下平十一尤
暖,nuan3,平、仄,上声十三阮、上平十三元
阙,que4,仄,入声六月
添,tian1,平,下平十四盐
炮,pao4,平、仄,去声十九效、下平三肴
措,cuo4,仄,去声七遇
愚,yu2,平,上平七虞
会,hui4,仄,去声九泰
女,nv3,仄,上声六语、去声六御
黝,you3,仄,上声二十五有
奠,dian4,仄,去声十七霰
凡,fan2,平,下平十五咸
表,biao3,仄,上声十七筱
蓑,suo1,平,下平五歌
瞩,zhu3,仄,入声二沃
为,wei4,平、仄,上平四支、去声四寘
殊,shu1,平,上平七虞
载,zai4,仄,去声十一队、上声十贿
涓,juan1,平,下平一先
积,ji1,仄,入声十一陌、去声四寘
钓,diao4,仄,去声十八啸
贫,pin2,平,上平十一真
较,jiao4,仄,去声十九效、入声三觉
寡,gua3,仄,上声二十一马
宛,wan3,平、仄,上声十三阮、上平十三元
我,wo3,仄,上声二十哿
苯,ben3,仄,上声十三阮
阋,xi4,仄,入声十二锡
到,dao4,仄,去声二十号
者,zhe3,仄,上声二十一马
徨,huang2,平,下平七阳
范,fan4,仄,上声二十九豏
淇,qi2,平,上平四支
娅,ya4,仄,去声二十二祃
拱,gong3,仄,上声二肿
渊,yuan1,平,下平一先
掖,ye4,仄,入声十一陌
纾,shu1,平、仄,上声六语、上平六鱼
猿,yuan2,平,上平十三元
幽,you1,平,下平十一尤
飞,fei1,平,上平五微
笠,li4,仄,入声十四缉
迢,tiao2,平,下平二萧
出,chu1,仄,入声四质、去声四寘
浇,jiao1,平,下平二萧
碾,nian3,仄,去声十七霰
进,jin4,仄,去声十二震
预,yu4,仄,去声六御
里,li3,仄,去声四寘、上声四纸
纹,wen2,平,上平十二文
迦,jia1,平,下平五歌、下平六麻
叔,shu1,仄,入声一屋
锷,e4,仄,入声十药
弭,mi3,仄,上声四纸
莘,shen1,平,上平十一真
宅,zhai2,仄,入声十一陌
诋,di3,平、仄,上平八齐、上声八荠
眈,dan1,平,下平十三覃
标,biao1,平、仄,下平二萧、上声十七筱
簧,huang2,平,下平七阳
葩,pa1,平,下平六麻
舐,shi4,仄,上声四纸
谙,an1,平,下平十三覃
蛆,qu1,平,上平六鱼
舍,she4,仄,去声二十二祃、上声二十一马
锯,ju4,仄,去声六御
更,geng4,平、仄,去声二十四敬、下平八庚
枫,feng1,平,上平一东
涎,xian2,平,下平一先
霓,ni2,平、仄,上平八齐、去声八霁、入声九屑、入声十二锡
茹,ru2,平、仄,上声六语、去声六御、上平六鱼、去声七遇
蝠,fu2,仄,入声一屋
肝,gan1,平,上平十四寒
螺,luo2,平,下平五歌
髑,du2,仄,入声一屋
恬,tian2,平,下平十四盐
慧,hui4,仄,去声八霁
庆,qing4,平、仄,下平七阳、去声二十四敬
嫌,xian2,平,下平十四盐
垢,gou4,仄,上声二十五有
捷,jie2,仄,入声十五合
缛,ru4,仄,入声二沃
锹,qiao1,平,下平二萧
觥,gong1,平,下平八庚
昏,hun1,平,上平十三元
贲,bi4,平、仄,去声四寘、上平十三元、上平十二文
六,liu4,仄,入声一屋
广,guang3,仄,去声二十三漾、上声二十二养、上声二十八琰
笙,sheng1,平,下平八庚
镮,huan2,平,上平十五删
镣,liao2,平、仄,去声十八啸、下平二萧
瞥,pie1,仄,入声九屑
徒,tu2,平,上平七虞
儿,er2,平,上平八齐、上平四支
限,xian4,仄,上声十五潸
救,jiu4,平、仄,上平七虞、去声二十六宥、下平十一尤
瘠,ji2,仄,入声十一陌
剔,ti1,仄,入声十二锡
梦,meng4,平、仄,上平一东、去声一送
厮,si1,平,上平四支
嬉,xi1,平,上平四支
母,mu3,平、仄,上平七虞、上声二十五有、上声七麌
漆,qi1,仄,入声四质
枚,mei2,平,上平十灰
瑜,yu2,平,上平七虞
睚,yai2,平、仄,上平九佳、去声十卦
珀,po4,仄,入声十一陌
蔬,shu1,平,上平六鱼
谭,tan2,平,下平十三覃
轰,hong1,平,下平八庚
败,bai4,仄,去声十卦
腻,ni4,仄,去声四寘
蜘,zhi1,平,上平四支
夜,ye4,仄,去声二十二祃
守,shou3,仄,上声二十五有、去声二十六宥
唇,chun2,平,上平十一真
姥,mu3,仄,上声七麌
探,tan4,平、仄,去声二十八勘、下平十三覃
怦,peng1,平,下平八庚
化,hua4,仄,去声二十二祃
狯,hua2,仄,去声十卦、去声九泰
孑,jie2,仄,入声九屑
象,xiang4,仄,上声二十二养
荪,sun1,平,上平十三元
揽,lan3,仄,上声二十七感
绿,lv4,仄,入声二沃
移,yi2,平,上平四支
卸,xie4,仄,去声二十二祃
癞,lai4,仄,去声九泰
拨,bo1,仄,入声七曷
说,shuo1,仄,去声八霁、入声九屑
神,shen2,平,上平十一真
杂,za2,仄,入声十五合
陲,chui2,平,上平四支
得,de2,仄,入声十三职
赳,jiu3,平、仄,上声二十五有、下平十一尤
侄,zhi2,仄,入声四质
锁,suo3,仄,上声二十哿
轩,xuan1,平,上平十三元
癸,gui3,仄,上声四纸
谤,bang4,仄,去声二十三漾
西,xi1,平,上平八齐
麒,qi2,平,上平四支
坼,che4,仄,入声十一陌
犁,li2,平,上平八齐、上平四支
林,lin2,平,下平十二侵
闻,wen2,平、仄,去声十三问、上平十二文
骋,cheng3,仄,上声二十三梗
很,hen3,仄,上声十三阮
伊,yi1,平,上平四支
身,shen1,平,上平十一真
呜,wu1,平,上平七虞
员,yuan2,平、仄,下平一先、去声十三问、上平十二文
眦,zi4,仄,去声八霁、去声十卦、去声四寘
国,guo2,仄,入声十三职
褓,bao3,仄,上声十九皓
步,bu4,仄,去声七遇
洛,luo4,仄,入声十药
示,shi4,仄,去声四寘
涩,se4,仄,入声十四缉
艺,yi4,仄,去声八霁
渍,zi4,仄,去声四寘
筋,jin1,平,上平十二文
掀,xian1,平,上平十三元
要,yao4,平、仄,去声十八啸、下平二萧
庭,ting2,平、仄,下平九青、去声二十五径
蠕,ru2,平、仄,上平七虞、上声十六铣
魂,hun2,平,上平十三元
毛,mao2,平,下平四豪
驹,ju1,平,上平七虞
鸣,ming2,平,下平八庚
斌,bin1,平,上平十一真
炯,jiong3,仄,上声二十四迥
钳,qian2,平,下平十四盐
训,xun4,仄,去声十三问
黔,qian2,平,下平十二侵、下平十四盐
湃,pai4,仄,去声十卦
紊,wen4,仄,去声十三问
贿,hui4,仄,上声十贿
掷,zhi2,仄,入声十一陌
奚,xi1,平,上平八齐
忏,chan4,仄,去声三十陷
星,xing1,平,下平九青
贝,bei4,仄,去声九泰
购,gou4,仄,去声二十六宥
念,nian4,仄,去声二十九艳
贩,fan4,仄,去声十四愿
章,zhang1,平,下平七阳
芷,zhi3,仄,上声四纸
饵,er3,仄,去声四寘、上声四纸
颤,zhan4,仄,去声十七霰
町,ting3,平、仄,下平九青、上声二十四迥
块,kuai4,仄,去声十一队
堂,tang2,平,下平七阳
厥,jue2,仄,入声五物、入声六月
文,wen2,平,上平十二文
廷,ting2,平、仄,下平九青、去声二十五径
浪,lang4,平、仄,下平七阳、去声二十三漾
互,hu4,仄,去声七遇
跑,pao3,平、仄,入声三觉、下平三肴
犒,kao4,仄,去声二十号
大,da4,仄,去声九泰、去声二十一个
祀,si4,仄,上声四纸
势,shi4,仄,去声八霁
扪,men2,平,上平十三元
轶,yi4,仄,入声四质、入声九屑
祛,qu1,平,上平六鱼
绳,sheng2,平,下平十蒸
笏,hu4,仄,入声六月
雀,que4,仄,入声十药
葬,zang4,仄,去声二十三漾
昊,hao4,仄,上声十九皓
束,shu4,仄,入声二沃
肌,ji1,平,上平四支
竖,shu4,仄,上声七麌
睛,jing1,平、仄,上声二十三梗、下平八庚
蛉,ling2,平,下平九青
麸,fu1,平,上平七虞
苒,ran3,仄,上声二十八琰
肪,fang2,平,下平七阳
艳,yan4,仄,去声二十九艳
洙,zhu1,平,上平七虞
矿,kuang4,仄,上声二十三梗
蜒,yan2,平,下平一先
桀,jie2,仄,入声九屑
后,hou4,仄,上声二十五有、去声二十六宥
宜,yi2,平,上平四支
戴,dai4,仄,去声十一队
摘,zhai1,仄,入声十一陌、入声十二锡
丫,ya1,平,下平六麻
诅,zu3,仄,去声六御、去声七遇
杠,gang1,平,上平三江
踊,yong3,仄,上声二肿
袛,di1,平,上平八齐
清,qing1,平、仄,去声二十四敬、下平八庚
挟,xie2,仄,入声十五合
殁,mo4,仄,入声六月
肯,ken3,仄,上声二十四迥
杖,zhang4,仄,上声二十二养、去声二十三漾
倚,yi3,仄,去声四寘、上声四纸
鳀,shi4,仄,去声八霁
跄,qiang1,平,下平七阳
嗄,a2,仄,去声二十二祃、去声十卦
滨,bin1,平,上平十一真、下平一先
禄,lu4,仄,入声一屋
寮,liao2,平,下平二萧
川,chuan1,平,下平一先
肥,fei2,平,上平五微
混,hun4,平、仄,上声十三阮、上平十三元
荷,he2,平、仄,下平五歌、上声二十哿
辄,zhe2,仄,入声十五合
殡,bin4,仄,去声十二震
孔,kong3,仄,上声一董
殖,zhi2,仄,入声十三职
畏,wei4,仄,去声五未
舛,chuan3,仄,上声十一轸、上声十六铣
霸,ba4,仄,入声十一陌、去声二十二祃
榔,lang2,平、仄,下平七阳、上声二十二养
罚,fa2,仄,入声六月
惘,wang3,仄,上声二十二养
量,liang4,平、仄,下平七阳、去声二十三漾
咳,ke2,平、仄,去声十一队、上平十灰
玛,ma3,仄,上声二十一马
曾,ceng2,平,下平十蒸
籁,lai4,仄,去声九泰
斥,chi4,仄,入声十一陌
萍,ping2,平,下平九青
诙,hui1,平,上平十灰
板,ban3,仄,上声十五潸
龊,chuo4,仄,入声一屋、入声三觉
固,gu4,仄,去声七遇
扎,zha1,仄,入声八黠
涤,di2,仄,入声十二锡
腰,yao1,平,下平二萧
匙,chi2,平,上平四支
哇,wa1,平,上平九佳、下平六麻
牛,niu2,平,下平十一尤
锥,zhui1,平,上平四支
轼,shi4,仄,入声十三职
险,xian3,仄,上声二十八琰
沼,zhao3,仄,上声十七筱
槌,chui2,平、仄,上平四支、去声四寘
挂,gua4,仄,去声十卦
愐,mian3,仄,上声十六铣
构,gou1,仄,去声二十六宥
猴,hou2,平,下平十一尤
晨,chen2,平,上平十一真
悄,qiao3,仄,去声十八啸、上声十七筱
赡,shan4,仄,去声二十九艳
李,li3,仄,上声四纸
邯,han2,平,下平十三覃
媚,mei4,仄,去声四寘
臼,jiu4,仄,上声二十五有
剂,ji4,平、仄,上平四支、去声八霁
懈,xie4,仄,去声十卦
撑,cheng1,平,下平八庚
贞,zhen1,平,上平十一真、下平八庚
坡,po1,平,下平五歌
坎,kan3,仄,上声二十七感
性,xing4,仄,去声二十四敬
纠,jiu1,仄,上声二十五有
谴,qian3,仄,去声十七霰
友,you3,仄,上声二十五有
唳,li4,仄,去声八霁
伥,chang1,平,下平七阳、下平八庚
题,ti2,平、仄,上平八齐、去声八霁
漏,lou4,仄,去声二十六宥
封,feng1,平、仄,去声二宋、上平二冬
液,ye4,仄,入声十一陌
骄,jiao1,平,下平二萧
纂,zuan3,仄,上声十四旱
唁,yan4,仄,去声十七霰
蚀,shi2,仄,入声十三职
廊,lang2,平,下平七阳
替,ti4,仄,去声八霁
岌,ji2,仄,入声十四缉
鲑,gui1,平,上平八齐、上平九佳
踢,ti1,仄,入声十二锡
土,tu3,仄,上声七麌
院,yuan4,仄,去声十七霰
寺,si4,仄,去声四寘
萨,sa4,仄,入声七曷
铛,dang1,平,下平七阳、下平八庚
馏,liu4,仄,去声二十六宥
月,yue4,仄,入声六月
估,gu1,仄,上声七麌
晴,qing2,平,下平八庚
占,zhan1,平、仄,去声二十九艳、下平十四盐
巾,jin1,平,上平十一真
骐,qi2,平,上平四支
立,li4,仄,入声十四缉
雕,diao1,平,下平二萧
刻,ke4,仄,入声十三职
流,liu2,平,下平十一尤
佟,tong2,平,上平二冬
嬴,ying2,平,下平八庚
婷,ting2,平,下平九青
卜,bu3,仄,入声一屋
奄,yan3,平、仄,下平十四盐、上声二十八琰
躬,gong1,平,上平一东
媛,yuan4,平、仄,去声十四愿、去声十七霰、上平十三元
谟,mo2,平,上平七虞
嗷,ao2,平,下平四豪
德,de2,仄,入声十三职、去声四寘
贷,dai4,仄,去声十一队
鞠,ju1,仄,入声一屋
悸,ji4,仄,去声四寘
昱,yu4,仄,入声一屋
季,ji4,仄,去声四寘
炉,lu2,平,上平七虞
沮,ju1,平、仄,上声六语、去声六御、上平六鱼
采,cai3,仄,去声十一队、上声十贿
帑,tang3,平、仄,上平七虞、上声二十二养
芒,mang2,平,下平七阳
冽,lie4,仄,入声九屑
召,zhao4,仄,去声十八啸
觉,jue2,仄,去声十九效、入声三觉
愁,chou2,平,下平十一尤
吹,chui1,平、仄,上平四支、去声四寘
鸦,ya1,平,下平六麻
腋,yi4,仄,入声十一陌
犀,xi1,平,上平八齐
戊,wu4,仄,去声二十六宥
蘼,mi2,平,上平四支
伶,ling2,平,下平九青
感,gan3,仄,上声二十七感
警,jing3,仄,上声二十三梗
匿,ni4,仄,入声十三职
馋,chan2,平,下平十五咸
颧,quan2,平,下平一先
亿,yi4,仄,入声十三职
咬,yao3,平、仄,上声十八巧、下平三肴
刍,chu2,平,上平七虞、下平十一尤
傅,fu4,仄,去声七遇
爵,jue2,仄,入声十药
桔,jie2,仄,入声九屑
磨,mo2,平、仄,下平五歌、去声二十一个
蕃,fan2,平,上平十三元
厕,ce4,仄,去声四寘
菰,gu1,平,上平七虞
冥,ming2,平、仄,上声二十三梗、下平九青、去声二十五径
逦,li3,仄,上声四纸
沥,li4,仄,入声十二锡
牟,mou2,平,下平十一尤
已,yi3,仄,去声四寘、上声四纸
牙,ya2,平,下平六麻
壬,ren2,平,下平十二侵
镗,tang1,平,下平七阳
班,ban1,平,上平十五删
琳,lin2,平,下平十二侵
岩,yan2,平,下平十五咸
京,jing1,平,下平八庚
丸,wan2,平,上平十四寒
职,zhi2,仄,入声十三职
契,qi4,仄,去声八霁、入声九屑
兔,tu4,仄,去声七遇
眩,xuan4,平、仄,下平一先、去声十七霰
徬,pang2,平、仄,下平七阳、去声二十三漾
唾,tuo4,仄,去声二十一个
孕,yun4,仄,去声二十五径
隧,sui4,仄,去声四寘
颈,jing3,仄,上声二十三梗
印,yin4,仄,去声十二震
汹,xiong1,平、仄,上声二肿、上平二冬
永,yong3,仄,上声二十三梗
这,zhe4,仄,去声十七霰
栩,xu3,仄,上声七麌
翁,weng1,平,上平一东
痕,hen2,平,上平十三元
街,jie1,平,上平九佳
保,bao3,仄,上声十九皓
臊,sao1,平,下平四豪
榷,que4,仄,入声三觉
间,jian1,平、仄,去声十六谏、上平十五删
沈,shen3,平、仄,上声二十六寝、下平十二侵、去声二十七沁
津,jin1,平,上平十一真
瞒,man2,平,上平十四寒
殆,dai4,仄,上声十贿
篝,gou1,平,下平十一尤
琪,qi2,平,上平四支
宾,bin1,平,上平十一真
竦,song3,仄,上声二肿
韶,shao2,平,下平二萧
程,cheng2,平,下平八庚
嶂,zhang4,仄,去声二十三漾
炊,chui1,平,上平四支
榻,ta4,仄,入声十五合
猛,meng3,仄,上声二十三梗
午,wu3,仄,上声七麌
剪,jian3,仄,上声十六铣
扁,bian3,平、仄,下平一先、上声十六铣
驰,chi2,平,上平四支
助,zhu4,仄,去声六御
项,xiang4,仄,上声三讲
鳞,lin2,平,上平十一真
袤,mao4,仄,去声二十六宥
陴,pi2,平,上平四支
振,zhen4,平、仄,上平十一真、去声十二震
磕,ke1,仄,去声九泰、入声十五合
篌,hou2,平,下平十一尤
陕,shan3,仄,上声二十八琰
膜,mo4,平、仄,入声十药、上平七虞
吒,zha4,平、仄,去声二十二祃、下平六麻
羡,xian4,仄,去声十七霰
凤,feng4,仄,去声一送
蜥,xi1,仄,入声十二锡
礒,yi3,仄,上声四纸
翻,fan1,平,上平十三元
罪,zui4,仄,上声十贿
须,xu1,平,上平七虞
恋,lian4,仄,去声十七霰
谛,di4,仄,去声八霁
甑,zeng4,仄,去声二十五径
核,he2,仄,入声十一陌、入声六月
喝,he1,仄,去声十卦、入声七曷
疑,yi2,平,上平四支
株,zhu1,平,上平七虞
蝈,guo1,仄,入声十一陌
奂,huan4,仄,去声十五翰
渔,yu2,平,上平六鱼
蟊,mao2,平,下平十一尤
错,cuo4,仄,入声十药、去声七遇
贱,jian4,仄,去声十七霰
蹋,ta4,仄,入声十五合
青,qing1,平,下平九青
萼,e4,仄,入声十药
史,shi3,仄,上声四纸
窄,zhai3,仄,入声十一陌
含,han2,平,下平十三覃
瓷,ci2,平,上平四支
胀,zhang4,仄,去声二十三漾
蛹,yong3,仄,上声二肿
符,fu2,平,上平七虞
忾,kai4,仄,去声五未、去声十一队
祠,ci2,平,上平四支
蔚,wei4,仄,去声五未、入声五物
设,she4,仄,入声九屑
满,man3,仄,上声十四旱
狡,jiao3,仄,上声十八巧
予,yu2,平、仄,上声六语、上平六鱼
狻,suan1,平,上平十四寒
浣,wan3,仄,上声十四旱、去声十五翰
稍,shao1,平、仄,去声十九效、下平三肴
梭,suo1,平,下平五歌
集,ji2,仄,入声十四缉
稠,chou2,平,下平十一尤
橙,cheng2,平、仄,去声二十五径、下平八庚
慢,man4,仄,去声十六谏
郴,chen1,平,下平十二侵
奴,nu2,平,上平七虞
朽,xiu3,仄,上声二十五有
仇,chou2,平,下平十一尤
淫,yin2,平,下平十二侵
洞,dong4,仄,去声一送、上声一董
挽,wan3,仄,去声十四愿、上声十六铣、上声十三阮
妻,qi1,平、仄,上平八齐、去声八霁
寄,ji4,仄,去声四寘
舶,bo2,仄,入声十一陌
罕,han3,仄,上声十四旱
噱,jue2,仄,入声十药
矬,cuo2,平,下平五歌
桉,an1,平、仄,去声十五翰、上平十四寒
浴,yu4,仄,入声二沃
谑,nve4,仄,入声十药
俳,pai2,平,上平九佳
拍,pai1,仄,入声十一陌
缤,bin1,平,上平十一真
但,dan4,仄,上声十四旱
罔,wang3,仄,上声二十二养
苏,su1,平,上平七虞
毁,hui3,仄,上声四纸
汶,wen4,平、仄,去声十三问、上平十三元、上平十二文
斑,ban1,平,上平十五删
赃,zang1,平,下平七阳
耿,geng3,仄,上声二十三梗
勺,shao2,仄,入声十药
帏,wei2,平,上平五微
诛,zhu1,平,上平七虞
陟,zhi4,仄,入声十三职
驱,qu1,平、仄,上平七虞、去声七遇
锢,gu4,仄,去声七遇
超,chao1,平,下平二萧
蛊,gu3,仄,上声七麌
峰,feng1,平,上平二冬
惹,re3,仄,上声二十一马
刊,kan1,平,上平十四寒
轴,zhou2,仄,入声一屋
仲,zhong4,仄,去声一送
逋,bu1,平,上平七虞
弈,yi4,仄,入声十一陌
抢,qiang3,平、仄,下平七阳、上声二十二养、下平八庚
诳,kuang2,仄,去声二十三漾
遵,zun1,平,上平十一真
踏,ta4,仄,入声十五合
囧,jiong3,仄,上声二十三梗
瞳,tong2,平,上平一东
搂,lou3,平,下平十一尤
漂,piao1,平、仄,去声十八啸、下平二萧
愠,yun4,仄,去声十三问
晟,sheng4,平、仄,去声二十四敬、下平八庚
蚍,bi3,平,上平四支
婕,jie2,仄,入声十五合
攻,gong1,平,上平一东
崛,jue2,仄,入声五物、入声六月
脔,luan2,仄,上声十六铣
转,zhuan3,仄,上声十六铣、去声十七霰
呻,shen1,平,上平十一真
郇,xun2,平,上平十一真
醉,zui4,仄,去声四寘
遒,qiu2,平,下平十一尤
册,ce4,仄,入声十一陌
注,zhu4,仄,去声七遇
焕,huan4,仄,去声十五翰
析,xi1,仄,入声十二锡
酷,ku4,仄,入声二沃
逊,xun4,仄,去声十四愿
柯,ke1,平,下平五歌
捺,na4,仄,入声八黠、入声七曷
遍,bian4,仄,去声十七霰
血,xie3,仄,入声九屑
畚,ben3,仄,上声十三阮
房,fang2,平,下平七阳
腴,yu2,平,上平七虞
胼,pian2,平,下平一先
豆,dou4,仄,去声二十六宥
附,fu4,仄,去声七遇
煽,shan1,平、仄,下平一先、去声十七霰
列,lie4,仄,入声九屑
咽,yan1,平、仄,下平一先、入声九屑、去声十七霰
鞋,xie2,平,上平九佳
辛,xin1,平,上平十一真
奖,jiang3,仄,上声二十二养
离,li2,平、仄,上平四支、去声八霁
舰,jian4,仄,上声二十九豏
长,chang2,平、仄,下平七阳、上声二十二养、去声二十三漾
贪,tan1,平,下平十三覃
茏,long2,平,上平一东、上平二冬
款,kuan3,仄,上声十四旱
现,xian4,仄,去声十七霰
埃,ai1,平,上平十灰
蚴,you3,仄,上声二十五有
朋,peng2,平,下平十蒸
脚,jiao3,仄,入声十药
骤,zou4,仄,去声二十六宥
沱,tuo2,平、仄,下平五歌、上声二十哿
礴,bo2,仄,入声十药
申,shen1,平,上平十一真
鼾,han1,平、仄,去声十五翰、上平十四寒
扰,rao3,仄,上声十七筱
蜗,gua1,平,上平九佳、下平六麻
珥,er3,仄,去声四寘、上声四纸
环,huan2,平,上平十五删
匮,gui4,仄,去声四寘
荧,ying2,平,下平九青
邪,xie2,平,下平六麻
跋,ba2,仄,入声七曷
燕,yan4,平、仄,下平一先、去声十七霰
何,he2,平,下平五歌
功,gong1,平,上平一东
诚,cheng2,平,下平八庚
腾,teng2,平,下平十蒸
荔,li4,仄,去声八霁
沌,dun4,仄,上声十三阮
蕊,rui3,仄,上声四纸
烹,peng1,平,下平八庚
茱,zhu1,平,上平七虞
辖,xia2,仄,入声八黠
猕,mi2,平,上平四支
颂,song4,仄,去声二宋
来,lai2,平,上平十灰
事,shi4,仄,去声四寘
饿,e4,仄,去声二十一个
楚,chu3,仄,上声六语、去声六御
奕,yi4,仄,入声十一陌
蛰,zhi2,仄,入声十四缉
呕,ou1,平、仄,上平七虞、上声二十五有、下平十一尤
溪,xi1,平,上平八齐
稼,jia4,仄,去声二十二祃
诃,he1,平,下平五歌
撰,zhuan4,仄,上声十六铣、去声十七霰、上声十五潸
谧,mi4,仄,入声四质
几,ji1,平、仄,上声五尾、上平五微、去声四寘、上声四纸
绯,fei1,平,上平五微
皴,cun1,平,上平十一真
观,guan1,平、仄,去声十五翰、上平十四寒
精,jing1,平,下平八庚
寇,kou4,仄,去声二十六宥
碍,ai4,仄,去声十一队
汨,mi4,仄,入声十二锡、入声六月
蹂,rou2,平、仄,上声二十五有、去声二十六宥、下平十一尤
医,yi4,平、仄,上平四支、去声八霁
趣,qu4,平、仄,上平七虞、入声二沃、上声二十五有、去声七遇
聋,long2,平,上平一东
乃,nai3,仄,上声十贿
惰,duo4,仄,去声二十一个、上声二十哿
歧,qi2,平,上平四支
席,xi2,仄,入声十一陌
辊,gun3,仄,上声十三阮
僭,jian4,仄,去声二十九艳
欲,yu4,仄,入声二沃
烘,hong1,平,上平一东
拼,pin1,平,下平八庚
漱,shu4,平、仄,去声二十六宥、下平十一尤
常,chang2,平,下平七阳
刁,diao1,平,下平二萧
铅,qian1,平,下平一先
掾,yuan4,仄,去声十七霰
姚,yao2,平,下平二萧
讦,jie2,仄,入声九屑、入声六月
英,ying1,平,下平八庚
帅,shuai4,仄,入声四质、去声四寘
盖,gai4,仄,去声九泰、入声十五合
剜,wan1,平,上平十四寒
裳,chang2,平,下平七阳
任,ren4,平、仄,下平十二侵、去声二十七沁
魄,po4,仄,入声十一陌、入声十药
承,cheng2,平,下平十蒸
秀,xiu4,仄,去声二十六宥
曼,man4,平、仄,上平十四寒、去声十四愿
淙,cong2,平、仄,去声三绛、上平三江、上平二冬
蘖,nie4,仄,入声九屑、入声七曷
簿,bu4,仄,上声七麌
锡,xi2,仄,入声十二锡
残,can2,平,上平十四寒
簪,zan1,平,下平十二侵、下平十三覃
姜,jiang1,平,下平七阳
贬,bian3,仄,上声二十八琰
阡,qian1,平,下平一先
墠,shan4,仄,上声十六铣
东,dong1,平,上平一东
佛,fo2,仄,入声五物
坯,pi1,平,上平四支
妥,tuo3,仄,上声二十哿
怠,dai4,仄,去声十一队、上声十贿
士,shi4,仄,上声四纸
著,zhu4,仄,上声六语、入声十药、去声六御
求,qiu2,平,下平十一尤
臣,chen2,平,上平十一真
龙,long2,平,上平二冬
团,tuan2,平,上平十四寒
付,fu4,仄,去声七遇
疼,teng2,平,下平十蒸
刺,ci4,仄,入声十一陌、去声四寘
系,xi4,仄,去声八霁
考,kao3,仄,上声十九皓
幢,chuang2,平、仄,去声三绛、上平三江
戮,lu4,仄,入声一屋
密,mi4,仄,入声四质
铍,pi1,平,上平四支
挫,cuo4,仄,去声二十一个
碟,die2,仄,入声九屑
醍,ti2,平、仄,上平八齐、上声八荠
亦,yi4,仄,入声十一陌
剩,sheng4,仄,去声二十五径
茎,jing1,平,下平八庚
捐,juan1,平,下平一先
窠,ke1,平,下平五歌
醒,xing3,平、仄,下平九青、去声二十五径、上声二十四迥
犯,fan4,仄,上声二十九豏
箩,luo2,平,下平五歌
丝,si1,平,上平四支
韦,wei2,平,上平五微
厌,yan4,平、仄,去声二十九艳、下平十四盐、入声十五合
闾,lv2,平,上平六鱼
翎,ling2,平,下平九青
柘,zhe4,仄,去声二十二祃
闪,shan3,仄,上声二十八琰
蟾,chan2,平,下平十四盐
渥,wo4,仄,入声三觉
梯,ti1,平,上平八齐
腥,xing1,平,下平九青
庖,pao2,平,下平三肴
犊,du2,仄,入声一屋
涌,yong3,仄,上声二肿
温,wen1,平,上平十三元
育,yu4,仄,入声一屋
状,zhuang4,仄,去声二十三漾
娈,luan2,仄,上声十六铣、去声十七霰
骥,ji4,仄,去声四寘
秃,tu1,仄,入声一屋
男,nan2,平,下平十三覃
描,miao2,平,下平二萧
谜,mi2,仄,去声八霁
驯,xun2,平,上平十一真
回,hui2,平、仄,去声十一队、上平十灰
关,guan1,平,上平十五删
刚,gang1,平,下平七阳
鲟,xun2,平,下平十二侵
铮,zheng1,平,下平八庚
漓,li2,平,上平四支
违,wei2,平,上平五微
税,shui4,仄,去声八霁
约,yue1,仄,入声十药、去声十八啸
愕,e4,仄,入声十药
惑,huo4,仄,入声十三职
谆,zhun1,平、仄,上平十一真、去声十二震
洌,lie4,仄,入声九屑
砂,sha1,平,下平六麻
翠,cui4,仄,去声四寘
引,yin3,仄,上声十一轸、去声十二震
翡,fei3,仄,去声五未
鬼,gui3,仄,上声五尾、上声四纸
噪,zao4,仄,去声二十号
徇,xun4,仄,去声十二震
祢,mi2,仄,上声八荠
灸,jiu3,仄,上声二十五有、去声二十六宥
旋,xuan2,平、仄,下平一先、去声十七霰
节,jie2,仄,入声四质、入声九屑
植,zhi2,仄,入声十三职、去声四寘
鲜,xian1,平、仄,下平一先、上声十六铣
尚,shang4,平、仄,下平七阳、去声二十三漾
衬,chen4,仄,去声十二震
叫,jiao4,仄,去声十八啸
泯,min3,平、仄,上声十一轸、上平十一真
粒,li4,仄,入声十四缉
蹄,ti2,平,上平八齐
馁,nei3,仄,上声十贿
胚,pei1,平,上平十灰
栌,lu2,平,上平七虞
剋,ke4,仄,入声十三职
上,shang4,仄,上声二十二养、去声二十三漾
欧,ou1,平、仄,上声二十五有、下平十一尤
目,mu4,仄,入声一屋
概,gai4,仄,去声十一队
候,hou4,仄,去声二十六宥
本,ben3,仄,上声十三阮
陌,mo4,仄,入声十一陌
竟,jing4,仄,去声二十四敬
琥,hu3,仄,上声七麌
紫,zi3,仄,上声四纸
船,chuan2,平,下平一先
弑,shi4,仄,去声四寘
瀚,han4,仄,去声十五翰
底,di3,仄,上声八荠
羊,yang2,平,下平七阳
干,gan1,平、仄,去声十五翰、上平十四寒
番,fan1,平、仄,下平五歌、上平十四寒、去声十四愿、上平十三元
比,bi3,平、仄,上平四支、入声四质、去声四寘、上声四纸
徐,xu2,平,上平六鱼
皎,jiao3,仄,上声十七筱
右,you4,仄,上声二十五有、去声二十六宥
肮,hang2,平、仄,下平七阳、上声二十二养
疣,you2,平,下平十一尤
蛭,zhi4,仄,入声四质、入声九屑
近,jin4,仄,上声十二吻、去声十三问、去声四寘
揆,kui2,仄,上声四纸
誓,shi4,仄,去声八霁
末,mo4,仄,入声七曷
枝,zhi1,平,上平四支
佻,tiao1,平、仄,下平二萧、上声十七筱
葳,wei1,平,上平五微
验,yan4,仄,去声二十九艳
涂,tu2,平,上平七虞、下平六麻、上平六鱼
计,ji4,仄,去声八霁
蚕,can2,平,下平十三覃
圣,sheng4,仄,去声二十四敬
庸,yong1,平,上平二冬
揭,jie1,仄,去声八霁、入声九屑、入声六月
熬,ao2,平,下平四豪
刹,cha4,仄,入声八黠
萁,qi2,平,上平四支
挝,zhua1,平,下平六麻
姬,ji1,平,上平四支
皈,gui1,平,上平五微
悬,xuan2,平,下平一先
厨,chu2,平,上平七虞
屑,xie4,仄,入声九屑
富,fu4,仄,去声二十六宥、去声七遇
亢,kang4,平、仄,下平七阳、去声二十三漾
砖,zhuan1,平,下平一先
狨,rong2,平,上平一东
腕,wan4,仄,去声十五翰
迷,mi2,平,上平八齐
存,cun2,平,上平十三元
弼,bi4,仄,入声四质
擂,lei2,平、仄,去声十一队、上平十灰
啰,luo1,平,下平五歌
维,wei2,平,上平四支
惇,dun1,平,上平十三元
魇,yan3,仄,上声二十八琰、入声十五合
莺,ying1,平,下平八庚
敏,min3,仄,上声十一轸
丈,zhang4,仄,上声二十二养
依,yi1,平,上平五微
料,liao4,平、仄,去声十八啸、下平二萧
嵩,song1,平,上平一东
凫,fu2,平,上平七虞
住,zhu4,仄,去声七遇
蔽,bi4,仄,去声八霁
抒,shu1,仄,上声六语
璀,cui3,仄,上声十贿
贸,mao4,仄,去声二十六宥
车,che1,平,下平六麻、上平六鱼
詹,zhan1,平,下平十四盐
宽,kuan1,平,上平十四寒
谐,xie2,平,上平九佳
渝,yu2,平,上平七虞
傲,ao4,仄,去声二十号
泷,long2,平,上平一东、上平三江
姆,mu3,仄,去声二十六宥
毙,bi4,仄,去声八霁
醺,xun1,平,上平十二文
叵,po3,仄,上声二十哿
糖,tang2,平,下平七阳
屐,ji1,仄,入声十一陌
献,xian4,平、仄,下平五歌、去声十四愿
燮,xie4,仄,入声十五合
乖,guai1,平,上平九佳
串,chuan4,仄,去声十六谏
龌,wo4,仄,入声三觉
碜,chen3,仄,上声二十六寝、入声十五合
胭,yan1,平,下平一先
每,mei3,仄,上声十贿
棕,zong1,平,上平一东
费,fei4,仄,去声五未
忿,fen4,仄,上声十二吻、去声十三问
侥,jiao3,平,下平二萧
偎,wei1,平,上平十灰
嘉,jia1,平,下平六麻
拥,yong3,仄,上声二肿
恤,xu4,仄,入声四质
躯,qu1,平,上平七虞
五,wu3,仄,上声七麌
夹,jia1,仄,入声十六叶
昆,kun1,平,上平十三元
郊,jiao1,平,下平三肴
愧,kui4,仄,去声四寘
芥,jie4,仄,去声十卦
煤,mei2,平,上平十灰
自,zi4,仄,去声四寘
粽,zong4,仄,去声一送
奢,she1,平,下平六麻
垫,dian4,仄,去声二十九艳
韵,yun4,仄,去声十三问
宝,bao3,仄,上声十九皓
仿,fang3,仄,上声二十二养
乙,yi3,仄,入声四质
颅,lu2,平,上平七虞
砾,li4,仄,入声十二锡
哗,hua1,平,下平六麻
嘱,zhu3,仄,入声二沃
迹,ji1,仄,入声十一陌
胥,xu1,平,上平六鱼
增,zeng1,平,下平十蒸
颇,po3,平、仄,下平五歌、上声二十哿
材,cai2,平,上平十灰
拷,kao3,仄,上声十九皓
闹,nao4,仄,去声十九效
巴,ba1,平,下平六麻
壁,bi4,仄,入声十二锡
砌,qi4,仄,去声八霁
瓮,weng4,仄,去声一送
骂,ma4,仄,去声二十二祃
逑,qiu2,平,下平十一尤
婴,ying1,平,下平八庚
弱,ruo4,仄,入声十药
区,qu1,平,上平七虞、下平十一尤
浦,pu3,仄,上声七麌
灼,zhuo2,仄,入声十药
根,gen1,平,上平十三元
谪,zhe2,仄,入声十一陌
鹄,hu2,仄,入声二沃
栗,li4,仄,入声四质
芹,qin2,平,上平十二文
耘,yun2,平,上平十二文
杀,sha1,仄,入声八黠、去声十卦
银,yin2,平,上平十一真
轧,ya4,仄,入声八黠
迭,die2,仄,入声九屑
桂,gui4,仄,去声八霁
肠,chang2,平,下平七阳
算,suan4,仄,上声十四旱、去声十五翰
蜃,shen4,仄,上声十一轸、去声十二震
政,zheng4,仄,去声二十四敬
骠,piao4,平、仄,去声十八啸、下平二萧
痱,fei4,平、仄,去声五未、上平五微、上声十贿
泡,pao4,平、仄,去声十九效、下平三肴
锵,qiang1,平,下平七阳
鹰,ying1,平,下平十蒸
惴,zhui4,仄,去声四寘
企,qi3,仄,去声四寘、上声四纸
茄,qie2,平,下平五歌、下平六麻
薙,ti4,仄,去声八霁
昵,ni4,仄,入声四质
沦,lun2,平,上平十一真
讹,e2,平,下平五歌
苫,shan1,平、仄,去声二十九艳、下平十四盐
惧,ju4,仄,去声七遇
顾,gu4,仄,去声七遇
意,yi4,仄,去声四寘
结,jie2,仄,入声九屑
淡,dan4,仄,去声二十八勘、上声二十七感
丽,li4,平、仄,上平四支、去声八霁
太,tai4,仄,去声九泰
镫,deng1,平、仄,去声二十五径、下平十蒸
缅,mian3,仄,上声十六铣
狮,shi1,平,上平四支
骸,hai2,平,上平九佳
括,kuo4,仄,入声七曷
硫,liu2,平,下平十一尤
镊,nie4,仄,入声十五合
彩,cai3,仄,上声十贿
琢,zhuo2,仄,入声三觉
处,chu4,仄,上声六语、去声六御
于,yu2,平,上平七虞、上平六鱼
贮,zhu3,仄,上声六语
冀,ji4,仄,去声四寘
璨,can4,仄,去声十五翰
崔,cui1,平,上平十灰
莎,sha1,平,下平五歌、下平六麻
遨,ao2,平,下平四豪
泚,ci3,仄,上声八荠、上声四纸
莳,shi2,仄,去声四寘
淖,nao4,仄,去声十九效
淋,lin2,平,下平十二侵
忖,cun3,仄,上声十三阮
皙,xi1,仄,入声十二锡
戳,chuo1,仄,入声三觉
矢,shi3,仄,上声四纸
毡,zhan1,平,下平一先
歊,xiao1,平,下平二萧
鸿,hong2,平,上平一东
力,li4,仄,入声十三职
域,yu4,仄,入声十三职
捕,bu3,仄,去声七遇
蚝,ci4,平、仄,下平四豪、去声四寘
丧,sang1,平、仄,下平七阳、去声二十三漾
趟,tang4,平,下平八庚
攫,jue2,仄,入声十药
萝,luo2,平,下平五歌
知,zhi1,平、仄,上平四支、去声四寘
麋,mi2,平,上平四支
觅,mi4,仄,入声十二锡
元,yuan2,平,上平十三元
帽,mao4,仄,去声二十号
酱,jiang4,仄,去声二十三漾
卑,bei1,平,上平四支
倭,wei1,平,上平四支、下平五歌
凌,ling2,平、仄,去声二十五径、下平十蒸
诰,gao4,仄,去声二十号
烁,shuo4,仄,入声十药
娘,niang2,平,下平七阳
妄,wang4,仄,去声二十三漾
搅,jiao3,仄,上声十八巧
薰,xun1,平,上平十二文
衡,heng2,平,下平八庚
炷,zhu4,仄,上声七麌、去声七遇
蝌,ke1,平,下平五歌
榉,ju3,仄,上声六语
跎,tuo2,平,下平五歌
熟,shu2,仄,入声一屋
酉,you3,仄,上声二十五有
忌,ji4,仄,去声四寘
氲,yun1,平,上平十二文
渭,wei4,仄,去声五未
骼,ge2,仄,入声十一陌
睿,rui4,仄,去声八霁
甜,tian2,平,下平十四盐
活,huo2,仄,入声七曷
咋,zha4,仄,入声十一陌
三,san1,平、仄,去声二十八勘、下平十三覃
顼,xu4,仄,入声二沃
蝓,yu2,平,上平七虞
喧,xuan1,平,上平十三元
屋,wu1,仄,入声一屋
镞,zu2,仄,入声一屋
匹,pi3,仄,入声四质
藐,miao3,仄,上声十七筱
彭,peng2,平,下平七阳、下平八庚
肃,su4,仄,入声一屋
衰,shuai1,平,上平四支
楦,xuan4,仄,去声十四愿
袍,pao2,平,下平四豪
咍,hai1,平,上平十灰
族,zu2,仄,入声一屋
睇,di4,仄,去声八霁
玺,xi3,仄,上声四纸
桨,jiang3,仄,上声二十二养
荐,jian4,仄,去声十七霰
疗,liao2,仄,去声十八啸
倘,tang3,仄,上声二十二养
兜,dou1,平,下平十一尤
罗,luo1,平,下平五歌
鹊,que4,仄,入声十药
谓,wei4,仄,去声五未
花,hua1,平、仄,下平六麻、上声四纸
晓,xiao3,仄,上声十七筱
坏,huai4,平、仄,去声十卦、上平十灰
牡,mu3,仄,上声二十五有、上声七麌
穷,qiong2,平,上平一东
悼,dao4,仄,去声二十号
谅,liang4,仄,去声二十三漾
假,jia3,仄,去声二十二祃、上声二十一马
明,ming2,平,下平八庚
偿,chang2,平、仄,下平七阳、去声二十三漾
稔,ren3,仄,上声二十六寝
缸,gang1,平,上平三江
蟋,xi1,仄,入声四质
查,cha2,平,下平六麻
囤,dun4,平、仄,去声十四愿、上平十三元
十,shi2,仄,入声十四缉
至,zhi4,仄,去声四寘
霄,xiao1,平,下平二萧
黧,li2,平,上平八齐、上平四支
硝,xiao1,平,下平二萧
嫔,pin2,平,上平十一真
窕,tiao3,仄,上声十七筱
四,si4,仄,去声四寘
皓,hao4,仄,上声十九皓
橄,gan3,仄,上声二十七感
擎,qing2,平,下平八庚
毕,bi4,仄,入声四质
阅,yue4,仄,入声九屑
辅,fu3,仄,上声七麌
跚,shan1,平,上平十四寒
渺,miao3,仄,上声十七筱
鸥,ou1,平,下平十一尤
毒,du2,仄,入声二沃
幔,man4,仄,去声十五翰
驭,yu4,仄,去声六御
生,sheng1,平,下平八庚
袖,xiu4,仄,去声二十六宥
俗,su2,仄,入声二沃
诀,jue2,仄,入声九屑
骨,gu3,仄,入声六月
脑,nao3,仄,上声十九皓
卷,juan4,平、仄,下平一先、上声十六铣、去声十七霰
户,hu4,仄,上声七麌
肉,rou4,仄,入声一屋
涧,jian4,仄,去声十六谏
谦,qian1,平,下平十四盐
寰,huan2,平,上平十五删
鸟,niao3,仄,上声十七筱
佼,jiao3,平、仄,上声十八巧、下平三肴
甬,yong3,仄,上声二肿
似,si4,仄,去声四寘、上声四纸
缝,feng2,平、仄,去声二宋、上平二冬
握,wo4,仄,入声三觉
彤,tong2,平,上平二冬
娶,qu3,仄,去声七遇
酊,ding3,仄,上声二十四迥
伏,fu2,仄,入声一屋、去声二十六宥
少,shao3,仄,去声十八啸、上声十七筱
瘦,shou4,仄,去声二十六宥
岸,an4,仄,去声十五翰
鹧,zhe4,仄,去声二十二祃
绮,qi3,仄,上声四纸
虽,sui1,平,上平四支
供,gong1,平、仄,去声二宋、上平二冬
晌,shang3,仄,上声二十二养
阐,chan3,仄,上声十六铣
铣,xian3,仄,上声十六铣
咫,zhi3,仄,上声四纸
粼,lin2,平,上平十一真
桧,kuai4,仄,去声九泰
副,fu4,仄,入声一屋、入声十三职、去声二十六宥、去声七遇
俸,feng4,仄,去声二宋
耸,song3,仄,上声二肿
础,chu3,仄,上声六语
溶,rong2,平、仄,上声二肿、上平二冬
鞑,da2,仄,入声七曷
药,yao4,仄,入声十药、入声三觉
备,bei4,仄,去声四寘
循,xun2,平,上平十一真
窖,jiao4,仄,去声十九效
矛,mao2,平,下平十一尤
斜,xie2,平,下平六麻
妆,zhuang1,平,下平七阳
强,qiang2,平、仄,下平七阳、上声二十二养、去声二十三漾
肩,jian1,平,下平一先
瓶,ping2,平,下平九青
丑,chou3,仄,上声二十五有
榭,xie4,仄,去声二十二祃
虾,xia1,平,下平六麻
揄,yu2,平,上平七虞、下平十一尤
驿,yi4,仄,入声十一陌
寞,mo4,仄,入声十药
阀,fa2,仄,入声六月
亩,mu3,仄,上声二十五有、上声七麌
繁,fan2,平,下平五歌、上平十四寒、上平十三元
毗,pi2,平,上平四支
裸,luo3,仄,上声二十哿
彦,yan4,仄,去声十七霰
戟,ji3,仄,入声十一陌
鹑,chun2,平,上平十一真
毯,tan3,仄,上声二十七感
业,ye4,仄,入声十六叶
瘿,ying3,仄,上声二十三梗
篙,gao1,平,下平四豪
绊,ban4,仄,去声十五翰
啾,jiu1,平,下平十一尤
邑,yi4,仄,入声十四缉
蛙,wa1,平,上平九佳、下平六麻
诤,zheng1,仄,去声二十四敬
缭,liao2,平、仄,下平二萧、上声十七筱
譬,pi4,仄,去声四寘
战,zhan4,仄,去声十七霰
背,bei4,仄,去声十一队
淹,yan1,平、仄,去声三十陷、去声二十九艳、下平十四盐
袋,dai4,仄,去声十一队
便,bian4,平、仄,下平一先、去声十七霰
扛,kang2,平,上平三江
断,duan4,仄,上声十四旱、去声十五翰
盗,dao4,仄,去声二十号
记,ji4,仄,去声四寘
赵,zhao4,仄,上声十七筱
壶,hu2,平,上平七虞
酬,chou2,平,下平十一尤
惮,dan4,仄,上声十四旱、去声十五翰
类,lei4,仄,去声四寘
病,bing4,仄,去声二十四敬
蛇,she2,平,上平四支、下平五歌、下平六麻
隋,sui2,平,上平四支
宙,zhou4,仄,去声二十六宥
躇,chu2,平、仄,入声十药、上平六鱼
樗,chu1,平,上平六鱼
偃,yan3,仄,上声十三阮
痴,chi1,平,上平四支
尿,niao4,仄,去声十八啸
屿,yu3,仄,上声六语
禧,xi3,平,上平四支
嗅,xiu4,仄,去声二十六宥
恶,e4,平、仄,入声十药、上平七虞、去声七遇
宿,su4,仄,入声一屋、去声二十六宥
诏,zhao4,仄,去声十八啸
箐,jing1,平、仄,上声二十三梗、下平八庚
瓦,wa3,仄,上声二十一马
喔,o1,仄,入声三觉
璞,pu2,仄,入声三觉
晔,ye1,仄,入声十五合
耦,ou3,仄,上声二十五有
歃,sha4,仄,入声十六叶
雍,yong1,平、仄,去声二宋、上平二冬
弦,xian2,平,下平一先
灶,zao4,仄,去声二十号
骛,wu4,仄,去声七遇
隔,ge2,仄,入声十一陌
暗,an4,仄,去声二十八勘、去声十七霰
细,xi4,仄,去声八霁
蝗,huang2,平,下平七阳
弥,mi2,平、仄,上平四支、上声四纸
擘,bo4,仄,入声十一陌
隘,ai4,仄,去声十卦
訇,hong1,平,下平八庚
录,lu4,仄,入声二沃
吐,tu3,仄,上声七麌、去声七遇
新,xin1,平,上平十一真
蓼,liao3,仄,入声一屋、上声十七筱
把,ba3,仄,去声二十二祃、上声二十一马
廉,lian2,平,下平十四盐
忪,zhong1,平,上平二冬
郁,yu4,仄,入声一屋、入声五物
邀,yao1,平,下平二萧
苴,ju1,平、仄,上声六语、上声二十一马、下平六麻、上平六鱼
圈,quan1,平、仄,下平一先、去声十四愿、上声十三阮、去声十七霰
襟,jin1,平,下平十二侵
洲,zhou1,平,下平十一尤
酿,niang4,仄,去声二十三漾
覃,tan2,平,下平十三覃
荞,qiao2,平,下平二萧
陶,tao2,平,下平二萧、下平四豪
匝,za1,仄,入声十五合
飒,sa4,仄,入声十五合
糁,san1,仄,上声二十七感
铠,kai3,仄,去声十一队、上声十贿
型,xing2,平,下平九青
调,diao4,平、仄,去声十八啸、下平二萧、下平十一尤
藜,li2,平,上平八齐
潞,lu4,仄,去声七遇
阿,a1,平、仄,入声一屋、下平五歌、上声二十哿
睦,mu4,仄,入声一屋
避,bi4,仄,去声四寘
媾,gou4,仄,去声二十六宥
创,chuang4,平、仄,下平七阳、去声二十三漾
喃,nan2,平,下平十五咸
痹,bi4,仄,去声四寘
璐,lu4,仄,去声七遇
秩,zhi4,仄,入声四质
畦,qi2,平,上平八齐
界,jie4,仄,去声十卦
服,fu2,仄,入声一屋
跃,yue4,仄,入声十药
野,ye3,仄,上声二十一马
晡,bu1,平,上平七虞
楷,kai3,平、仄,上平九佳、上声九蟹
潘,pan1,平,上平十四寒
怀,huai2,平,上平九佳
遽,ju4,仄,去声六御
熊,xiong2,平,上平一东
忆,yi4,仄,入声十三职
剃,ti4,仄,去声八霁
溯,su4,仄,去声七遇
聪,cong1,平,上平一东
藏,cang2,平、仄,下平七阳、去声二十三漾
泾,jing1,平,下平九青
飕,sou1,平,下平十一尤
磋,cuo1,平、仄,下平五歌、去声二十一个
幼,you4,仄,去声二十六宥
绞,jiao3,仄,上声十八巧
券,quan4,仄,去声十四愿
擞,sou3,仄,上声二十五有
缀,zhui4,仄,去声八霁、入声九屑
澄,cheng2,平,下平十蒸
崇,chong2,平,上平一东
填,tian2,平、仄,上平十一真、下平一先、去声十七霰、去声十二震
汴,bian4,仄,去声十七霰
溺,ni4,仄,入声十药、去声十八啸、入声十二锡
撒,sa1,仄,入声七曷
庞,pang2,平,上平一东、上平三江
褒,bao1,平,下平四豪
渐,jian4,平、仄,下平十四盐、上声二十八琰
臻,zhen1,平,上平十一真
郑,zheng4,仄,去声二十四敬
社,she4,仄,上声二十一马
锅,guo1,平,下平五歌
佑,you4,仄,上声二十五有、去声二十六宥
峥,zheng1,平,下平八庚
惩,cheng2,平,下平十蒸
掌,zhang3,仄,上声二十二养
敌,di2,仄,入声十二锡
恒,heng2,平,下平十蒸
剌,la4,仄,入声七曷
铸,zhu4,仄,去声七遇
鸩,zhen4,仄,去声二十七沁
妖,yao1,平,下平二萧
洗,xi3,仄,上声十六铣、上声八荠
胄,zhou4,仄,去声二十六宥
跛,bo3,仄,上声二十哿
夕,xi1,仄,入声十一陌
识,shi4,仄,入声十三职、去声四寘
贵,gui4,仄,去声五未
认,ren4,仄,去声十二震
鼻,bi2,仄,去声四寘
绰,chuo4,仄,入声十药
窿,long2,平,上平一东
埼,qi2,平,上平四支、上平五微
轾,zhi4,仄,去声四寘
突,tu1,仄,入声六月
蚁,yi3,仄,上声五尾、上声二十哿、上声四纸
纲,gang1,平,下平七阳
责,ze2,仄,入声十一陌
懂,dong3,仄,上声一董
山,shan1,平,上平十五删
晏,yan4,仄,去声十六谏、去声十五翰
奸,jian1,平,上平十四寒、上平十五删
逮,dai4,仄,去声八霁、去声十一队
蹲,dun1,平,上平十三元
吝,lin4,仄,去声十二震
搔,sao1,平,下平四豪
抚,fu3,仄,上声七麌
孤,gu1,平,上平七虞
拉,la1,仄,入声十五合
隽,jun4,仄,上声十六铣、去声十二震
眨,zha3,仄,入声十六叶
绝,jue2,仄,入声九屑
零,ling2,平,下平一先、下平九青
茂,mao4,仄,去声二十六宥
杨,yang2,平,下平七阳
遭,zao1,平,下平四豪
渠,qu2,平,上平六鱼
蹈,dao3,仄,去声二十号
杓,shao2,平、仄,入声十药、下平二萧
琵,pi2,平,上平四支
欠,qian4,仄,去声三十陷、去声二十九艳
筲,shao1,平,下平三肴
赠,zeng4,仄,去声二十五径
畔,pan4,仄,去声十五翰
姑,gu1,平,上平七虞
膏,gao1,平、仄,下平四豪、去声二十号
达,da2,仄,去声八霁、入声七曷
喉,hou2,平,下平十一尤
惶,huang2,平,下平七阳
濡,ru2,平,上平七虞
崎,qi2,平,上平四支
乱,luan4,仄,去声十五翰
潭,tan2,平,下平十三覃
祇,qi2,平、仄,上平四支、入声四质
黍,shu3,仄,上声六语
幂,mi4,仄,入声十二锡
改,gai3,仄,上声十贿
挚,zhi4,仄,去声四寘
绢,juan4,仄,去声十七霰
袂,mei4,仄,去声八霁
孟,meng4,仄,去声二十四敬
煨,wei1,平,上平十灰
呷,xia1,仄,入声十六叶
棂,ling2,平,下平九青
粪,fen4,仄,去声十三问
逃,tao2,平,下平四豪
艘,sao1,平,下平四豪、下平十一尤
爆,bao4,仄,去声十九效、入声三觉
齿,chi3,仄,上声四纸
蝉,chan2,平,下平一先
拜,bai4,仄,去声十卦
怖,bu4,仄,去声七遇
监,jian1,平、仄,去声三十陷、下平十五咸
绘,hui4,仄,去声九泰
森,sen1,平,下平十二侵
皋,gao1,平,下平四豪
粱,liang2,平,下平七阳
权,quan2,平,下平一先
辱,ru3,仄,入声二沃
蓍,shi1,平,上平四支
陆,lu4,仄,入声一屋
禹,yu3,仄,上声七麌
淀,dian4,仄,去声十七霰
郎,lang2,平,下平七阳
嘘,xu1,平、仄,去声六御、上平六鱼
阴,yin1,平,下平十二侵
惜,xi1,仄,入声十一陌
弓,gong1,平,上平一东
芬,fen1,平,上平十二文
侨,qiao2,平,下平二萧
馀,yu2,平,上平六鱼
拘,ju1,平,上平七虞
金,jin1,平,下平十二侵
咿,yi1,平,上平四支
菇,gu1,平,上平七虞
葚,shen4,仄,上声二十六寝
龃,ju3,平、仄,上声六语、下平六麻
励,li4,仄,去声八霁
倦,juan4,仄,去声十七霰
腭,e4,仄,入声十药
楝,lian4,仄,去声十七霰
莠,you3,仄,上声二十五有
值,zhi2,仄,去声四寘
扶,fu2,平,上平七虞
伸,shen1,平,上平十一真
瘆,shen4,仄,上声二十六寝
敷,fu1,平,上平七虞
旺,wang4,仄,去声二十三漾
爽,shuang3,仄,上声二十二养
靳,jin4,仄,去声十三问
毂,gu3,仄,入声一屋
公,gong1,平,上平一东
筏,fa2,仄,入声六月
轻,qing1,平、仄,去声二十四敬、下平八庚
湎,mian3,仄,上声十六铣
殿,dian4,仄,去声十七霰
嗔,tian2,平,上平十一真
逼,bi1,仄,入声十三职
让,rang4,仄,去声二十三漾
么,yao1,平、仄,上声二十哿、下平五歌、下平二萧
瞿,ju4,平、仄,上平七虞、去声七遇
云,yun2,平,上平十二文
条,tiao2,平,下平二萧
徜,chang2,平,下平七阳
瞎,xia1,仄,入声八黠
徘,pai2,平,上平九佳
耗,hao4,平、仄,下平四豪、去声二十号
钱,qian2,平、仄,下平一先、上声十六铣
纪,ji4,仄,上声四纸
货,huo4,仄,去声二十一个
凶,xiong1,平,上平二冬
伟,wei3,仄,上声五尾
胖,pang4,平、仄,去声十五翰、上平十四寒
靖,jing4,仄,上声二十三梗
糟,zao1,平,下平四豪
沐,mu4,仄,入声一屋
衷,zhong1,平、仄,上平一东、去声一送
怔,zheng1,平,下平八庚
拂,fu2,仄,入声五物
蠃,luo3,平、仄,下平五歌、上声二十哿
润,run4,仄,去声十二震
撤,che4,仄,入声九屑
努,nu3,仄,上声七麌
滕,teng2,平,下平十蒸
刑,xing2,平,下平九青
卧,wo4,仄,去声二十一个
鞘,qiao4,平、仄,去声十八啸、下平三肴
嘬,zuo1,仄,去声十卦
闷,men4,仄,去声十四愿
脊,ji2,仄,入声十一陌
派,pai4,仄,去声十卦
鹈,ti2,平,上平八齐
戕,qiang1,平,下平七阳
谱,pu3,仄,上声七麌
昨,zuo2,仄,入声十药
茶,cha2,平,下平六麻
耙,ba4,平、仄,去声二十二祃、下平六麻
霜,shuang1,平,下平七阳
篷,peng2,平,上平一东
摸,mo1,平、仄,入声十药、上平七虞
肇,zhao4,仄,上声十七筱
茕,qiong2,平,下平八庚
疾,ji2,仄,入声四质
矶,ji1,平,上平五微
器,qi4,仄,去声四寘
汍,wan2,平,上平十四寒
普,pu3,仄,上声七麌
蚊,wen2,平,上平十二文
柬,jian3,仄,上声十五潸
潦,lao3,仄,上声十九皓
婉,wan3,仄,上声十三阮
鹾,cuo2,平,下平五歌
膈,ge2,仄,入声十一陌
垂,chui2,平,上平四支
粗,cu1,平、仄,上平七虞、上声七麌
电,dian4,仄,去声十七霰
砍,kan3,仄,上声二十七感
兀,wu4,仄,入声六月
茗,ming2,仄,上声二十四迥
什,shi2,仄,入声十四缉
蕴,yun4,平、仄,上声十二吻、去声十三问、上平十三元
瀣,xie4,仄,去声十一队、去声十卦
冕,mian3,仄,上声十六铣
爷,ye2,平,下平六麻
砚,yan4,仄,去声十七霰
辞,ci2,平,上平四支
泌,mi4,仄,入声四质、去声四寘
卤,lu3,仄,上声七麌
僵,jiang1,平,下平七阳
旷,kuang4,仄,去声二十三漾
赖,lai4,仄,去声九泰
呆,dai1,平,上平十灰
慈,ci2,平,上平四支
伴,ban4,仄,上声十四旱、去声十五翰
熙,xi1,平,上平四支
那,na4,平、仄,下平五歌、去声二十一个、上声二十哿
瑶,yao2,平,下平二萧
淑,shu2,仄,入声一屋
枥,li4,仄,入声十二锡
袒,tan3,仄,上声十四旱
推,tui1,平,上平四支、上平十灰
王,wang2,平、仄,下平七阳、去声二十三漾
句,ju4,平、仄,上平七虞、去声二十六宥、下平十一尤、去声七遇
应,ying4,平、仄,去声二十五径、下平十蒸
食,shi2,仄,入声十三职、去声四寘
帝,di4,仄,去声八霁
驴,lv2,平,上平六鱼
忒,te4,仄,入声十三职
枭,xiao1,平,下平二萧
姐,jie3,仄,上声二十一马
策,ce4,仄,入声十一陌
邂,xie4,仄,去声十卦
萤,ying2,平,下平九青
婆,po2,平,下平五歌
弋,yi4,仄,入声十三职
弊,bi4,仄,去声八霁
良,liang2,平,下平七阳
啬,se4,仄,入声十三职
拙,zhuo2,仄,入声九屑
剽,piao4,平、仄,去声十八啸、下平二萧、上声十七筱
焙,bei4,仄,去声十一队
窥,kui1,平,上平四支
钟,zhong1,平,上平二冬
圭,gui1,平,上平八齐
衣,yi1,平、仄,去声五未、上平五微
邓,deng4,仄,去声二十五径
陷,xian4,仄,去声三十陷
例,li4,仄,去声八霁
侈,chi3,仄,上声四纸
若,ruo4,仄,入声十药、上声二十一马
蜀,shu3,仄,入声二沃
莉,li4,仄,去声四寘
去,qu4,仄,上声六语、去声六御
弛,chi2,仄,上声四纸
钦,qin1,平,下平十二侵
希,xi1,平,上平五微
锻,duan4,仄,去声十五翰
娆,rao3,平、仄,去声十八啸、下平二萧、上声十七筱
翼,yi4,仄,入声十三职
浮,fu2,平,下平十一尤
勉,mian3,仄,上声十六铣
梢,shao1,平,下平三肴
狐,hu2,平,上平七虞
槐,huai2,平,上平九佳、上平十灰
恍,huang3,仄,上声二十二养
撞,zhuang4,平、仄,去声三绛、上平三江
虬,qiu2,平,下平十一尤
甥,sheng1,平,下平八庚
祯,zhen1,平,下平八庚
未,wei4,仄,去声五未
杉,shan1,平,下平十五咸
峒,tong2,平、仄,上平一东、去声一送
玷,dian4,仄,上声二十八琰
貌,mao4,仄,去声十九效
搀,chan1,平,下平十五咸
盲,mang2,平,下平七阳、下平八庚
毅,yi4,仄,去声五未
雇,gu4,仄,上声七麌、去声七遇
蕨,jue2,仄,入声六月
敢,gan3,仄,上声二十七感
纸,zhi3,仄,上声四纸
晷,gui3,仄,上声四纸
咒,zhou4,仄,去声二十六宥
农,nong2,平,上平二冬
麂,ji3,仄,上声四纸
导,dao3,仄,去声二十号
受,shou4,仄,上声二十五有、去声二十六宥
掣,che4,仄,去声八霁、入声九屑
果,guo3,仄,上声二十哿
烧,shao1,平、仄,去声十八啸、下平二萧
讷,ne4,仄,入声六月
诬,wu2,平,上平七虞
窍,qiao4,仄,去声十八啸
确,que4,仄,入声三觉
想,xiang3,仄,上声二十二养
猪,zhu1,平,上平六鱼
巡,xun2,平,上平十一真
特,te4,仄,入声十三职
黜,chu4,仄,入声四质
恃,shi4,仄,上声四纸
桥,qiao2,平,下平二萧
待,dai4,仄,上声十贿
摇,yao2,平、仄,去声十八啸、下平二萧
绪,xu4,仄,上声六语
淳,chun2,平,上平十一真
芫,yuan2,平,上平十三元
梃,ting3,仄,上声二十四迥
棺,guan1,平,上平十四寒
墓,mu4,仄,去声七遇
担,dan4,平、仄,去声二十八勘、下平十三覃
痛,tong4,仄,去声一送
憬,jing3,仄,上声二十三梗
庙,miao4,仄,去声十八啸
游,you2,平,下平十一尤
走,zou3,仄,上声二十五有、去声二十六宥
窟,ku1,仄,入声六月
霾,mai2,平,上平九佳
鹜,mu4,仄,入声一屋、去声七遇
郡,jun4,仄,去声十三问
傀,gui1,平、仄,上平十灰、上声十贿、上声四纸
纯,chun2,平、仄,上声十一轸、上平十一真、下平一先、上平十三元
缢,yi4,仄,去声四寘
水,shui3,仄,上声四纸
栖,qi1,平,上平八齐
个,ge4,仄,去声二十一个
咨,zi1,平,上平四支
俭,jian3,仄,上声二十八琰
烛,zhu2,仄,入声二沃
下,xia4,仄,去声二十二祃、上声二十一马、上声七麌
宦,huan4,仄,去声十六谏
垡,fa2,仄,入声六月
延,yan2,平,下平一先
韬,tao1,平,下平四豪
骰,tou2,平,下平十一尤
脐,qi2,平,上平八齐
位,wei4,仄,去声四寘
铺,pu1,平、仄,上平七虞、去声七遇
偶,ou3,仄,上声二十五有
伐,fa2,仄,入声六月
拣,jian3,仄,去声十七霰、上声十五潸
蚋,rui4,仄,去声八霁
胎,tai1,平,上平十灰
痒,yang3,平、仄,下平七阳、上声二十二养
狂,kuang2,平,下平七阳
港,gang3,仄,上声三讲
椽,chuan2,平,下平一先
咦,yi2,平,上平四支
亨,heng1,平,下平八庚
忧,you1,平,下平十一尤
朱,zhu1,平,上平七虞
拮,jie2,仄,入声四质、入声九屑
码,ma3,仄,上声二十一马
罅,xia4,仄,去声二十二祃
滋,zi1,平,上平四支
搽,cha2,平,下平六麻
股,gu3,仄,上声七麌
毫,hao2,平,下平四豪
舵,duo4,仄,上声二十哿
旧,jiu4,仄,去声二十六宥
侮,wu3,仄,上声七麌
尽,jin3,仄,上声十一轸
勾,gou1,平,下平十一尤
官,guan1,平,上平十四寒
掠,lve4,仄,入声十药、去声二十三漾
币,bi4,仄,去声八霁
检,jian3,仄,上声二十八琰
鳖,bie1,仄,入声九屑
操,cao1,平、仄,下平四豪、去声二十号
样,yang2,平、仄,下平七阳、去声二十三漾
品,pin3,仄,上声二十六寝
令,ling4,平、仄,去声二十四敬、下平八庚
霹,pi1,仄,入声十一陌、入声十二锡
齐,qi2,平、仄,上平八齐、上平九佳、上平四支、上声八荠、去声八霁
岳,yue4,仄,入声三觉
侵,qin1,平,下平十二侵
湲,yuan2,平,下平一先、上平十五删、上平十三元
梳,shu1,平,上平六鱼
触,hong2,仄,入声二沃
鹃,juan1,平,下平一先
嫦,chang2,平,下平七阳
络,luo4,仄,入声十药
涅,nie4,仄,入声九屑
激,ji1,仄,入声十二锡
恻,ce4,仄,入声十三职
闱,wei2,平,上平五微
壳,ke2,仄,入声三觉
跨,kua4,仄,去声二十二祃
冤,yuan1,平,上平十三元
捋,le4,仄,入声七曷
旱,han4,仄,上声十四旱
仗,zhang4,仄,上声二十二养、去声二十三漾
熨,yun4,仄,去声五未、入声五物
纡,yu1,平,上平七虞
皮,pi2,平,上平四支
札,zha2,仄,入声八黠
尺,chi3,仄,入声十一陌
除,chu2,平、仄,去声六御、上平六鱼
咄,duo1,仄,入声六月、入声七曷
泔,gan1,平,下平十三覃
共,gong4,平、仄,去声二宋、上平二冬
岛,dao3,仄,上声十九皓
膑,bin4,仄,上声十一轸
墩,dun1,平,上平十三元
遗,yi2,平、仄,上平四支、去声四寘
躅,zhu2,仄,入声二沃
报,bao4,仄,去声二十号
屠,tu2,平,上平七虞、上平六鱼
油,you2,平、仄,去声二十六宥、下平十一尤
幕,mu4,仄,入声十药、入声十二锡
眺,tiao4,仄,去声十八啸
湍,tuan1,平,上平十四寒
沛,pei4,仄,去声九泰
嘴,zui3,仄,上声四纸
昧,mei4,仄,去声十一队、去声九泰
托,tuo1,仄,入声十药
赎,shu2,仄,入声二沃
浅,qian3,仄,上声十六铣
鳅,qiu1,平,下平十一尤
村,cun1,平,上平十三元
墨,mo4,仄,入声十三职
编,bian1,平,下平一先
渎,du2,仄,入声一屋
颐,yi2,平,上平四支
陡,dou3,仄,上声二十五有
卒,zu2,仄,入声四质、入声六月
哥,ge1,平,下平五歌
诟,gou4,仄,去声二十六宥
悱,fei3,仄,上声五尾
粉,fen3,仄,上声十二吻
澎,peng2,平,下平八庚
裔,yi4,仄,去声八霁
雳,li4,仄,入声十二锡
诠,quan2,平,下平一先
枞,cong1,平,上平三江、上平二冬
亮,liang4,仄,去声二十三漾
镇,zhen4,仄,去声十二震
透,tou4,仄,去声二十六宥
斟,zhen1,平,下平十二侵
蚪,dou3,仄,上声二十五有
火,huo3,仄,上声二十哿
谍,die2,仄,入声十五合
瞬,shun4,仄,去声十二震
蓟,ji4,仄,去声八霁
腮,sai1,平,上平十灰
兢,jing1,平,下平十蒸
行,xing2,平、仄,下平七阳、去声二十四敬、去声二十三漾、下平八庚
护,hu4,仄,去声七遇
峦,luan2,平,上平十四寒
雏,chu2,平,上平七虞
芙,fu2,平,上平七虞
矫,jiao3,仄,上声十七筱
从,cong2,平、仄,去声二宋、上平二冬
尧,yao2,平,下平二萧
滚,gun3,仄,上声十三阮
胃,wei4,仄,去声五未
汪,wang1,平,下平七阳
景,jing3,仄,上声二十三梗
埋,mai2,平,上平九佳
谁,shui2,平,上平四支
消,xiao1,平,下平二萧
佩,pei4,仄,去声十一队
苑,yuan4,仄,上声十三阮
姝,shu1,平,上平七虞
绦,tao1,平,下平四豪
漫,man4,平、仄,去声十五翰、上平十四寒
堵,du3,仄,上声七麌
兴,xing1,平、仄,去声二十五径、下平十蒸
咤,zha4,平、仄,去声二十二祃、下平六麻
镳,biao1,平,下平二萧
接,jie1,仄,入声十五合
汗,han4,平、仄,去声十五翰、上平十四寒
翳,yi4,仄,去声八霁
布,bu4,仄,去声七遇
辨,bian4,仄,上声十六铣
漾,yang4,仄,去声二十三漾
笛,di2,仄,入声十二锡
菜,cai4,仄,去声十一队
氓,mang2,平,下平八庚
惯,guan4,仄,去声十六谏
肄,yi4,仄,去声四寘
率,lv4,仄,入声四质、去声四寘
梁,liang2,平,下平七阳
鹉,wu3,仄,上声七麌
坊,fang1,平,下平七阳
畜,chu4,仄,入声一屋、去声二十六宥
逖,ti4,仄,入声十二锡
悖,bei4,仄,去声十一队、入声六月
蒜,suan4,仄,去声十五翰
邱,qiu1,平,下平十一尤
羯,jie2,仄,入声六月
喜,xi3,仄,上声四纸
袅,niao3,仄,上声十七筱
客,ke4,仄,入声十一陌
戍,shu4,仄,去声七遇
沆,hang2,仄,上声二十二养
鹳,guan4,仄,去声十五翰
猖,chang1,平,下平七阳
抬,tai2,平,上平十灰
耻,chi3,仄,上声四纸
棒,bang4,仄,上声三讲、去声二十三漾
劾,he2,仄,去声十一队、入声十三职
庵,an1,平,下平十三覃
判,pan4,平、仄,去声十五翰、上平十四寒
笃,du3,仄,入声二沃
部,bu4,仄,上声二十五有、上声七麌
乳,ru3,仄,上声七麌
覆,fu4,仄,入声一屋、去声二十六宥
旂,qi2,平,上平五微
在,zai4,仄,去声十一队、上声十贿
茫,mang2,平,下平七阳
涡,wo1,平,下平五歌
濑,lai4,仄,去声九泰
搜,sou1,平,下平十一尤
惬,qie4,仄,入声十五合
他,ta1,平、仄,下平五歌、去声二十一个、下平六麻
狲,sun1,平,上平十三元
耽,dan1,平、仄,上声二十七感、下平十三覃
樽,zun1,平,上平十三元
汇,hui4,仄,去声五未、上声十贿
袈,jia1,平,下平六麻
促,cu4,仄,入声二沃
废,fei4,仄,去声十一队
亵,xie4,仄,入声九屑
风,feng1,平,上平一东
二,er4,仄,去声四寘
侯,hou2,平,下平十一尤
旦,dan4,仄,去声十五翰
赢,ying2,平,下平八庚
蠢,chun3,仄,上声十一轸
庚,geng1,平,下平八庚
晕,yun1,仄,去声十三问
涕,ti4,仄,去声八霁、上声八荠
忸,niu3,仄,入声一屋、上声二十五有
铜,tong2,平,上平一东
孀,shuang1,平,下平七阳
许,xu3,仄,上声六语
慰,wei4,仄,去声五未
潢,huang2,平、仄,下平七阳、去声二十三漾
黏,nian2,平,下平十四盐
泱,yang1,平、仄,下平七阳、上声二十二养
融,rong2,平,上平一东
瓣,ban4,仄,去声十六谏
测,ce4,仄,入声十三职
谊,yi2,仄,去声四寘
跳,tiao4,平、仄,去声十八啸、下平二萧
糜,mi2,平,上平四支
幺,yao1,平,下平二萧
抱,bao4,仄,去声二十号、上声十九皓
鹚,zi1,平,上平四支
董,dong3,仄,上声一董
笑,xiao4,仄,去声十八啸
犄,ji1,平,上平四支
捻,nian3,仄,入声十五合
碑,bei1,平,上平四支
倡,chang4,平、仄,下平七阳、去声二十三漾
莱,lai2,平,上平十灰
槽,cao2,平,下平四豪
戾,li4,仄,去声八霁
糯,nuo4,仄,去声二十一个
空,kong1,平、仄,上平一东、去声一送、上声一董
夸,kua1,平,下平六麻
借,jie4,仄,入声十一陌、去声二十二祃
辎,zi1,平,上平四支
制,zhi4,仄,去声八霁
惨,can3,仄,上声二十七感
逅,hou4,仄,去声二十六宥
霆,ting2,平,下平九青
雁,yan4,仄,去声十六谏
贰,er4,仄,去声四寘
拈,nian2,平,下平十四盐
璇,xuan2,平,下平一先
隅,yu2,平,上平七虞
赴,fu4,仄,去声七遇
铁,tie3,仄,入声九屑
洒,sa3,仄,上声二十一马、上声九蟹
阵,zhen4,仄,去声十二震
垦,ken3,仄,上声十三阮
斋,zhai1,平,上平九佳
翟,di2,仄,入声十一陌、入声十二锡
暇,xia2,仄,去声二十二祃
赤,chi4,仄,入声十一陌
等,deng3,仄,上声二十四迥
徙,xi3,仄,上声四纸
迩,er3,仄,上声四纸
钝,dun4,仄,去声十四愿
柄,bing3,仄,去声二十四敬
外,wai4,仄,去声九泰
腿,tui3,仄,上声十贿
喷,pen1,平、仄,去声十四愿、上平十三元
讽,feng1,仄,去声一送
抖,dou3,仄,上声二十五有
坠,zhui4,仄,去声四寘
讴,ou1,平,下平十一尤
用,yong4,仄,去声二宋
榜,bang3,平、仄,去声二十四敬、上声二十二养、去声二十三漾、下平八庚
倨,ju4,仄,去声六御
竹,zhu2,仄,入声一屋
急,ji2,仄,入声十四缉
济,ji4,仄,去声八霁、上声八荠
叹,tan4,平、仄,去声十五翰、上平十四寒
岚,lan2,平,下平十三覃
襄,xiang1,平,下平七阳
怡,yi2,平,上平四支
坤,kun1,平,上平十三元
彼,bi3,仄,上声四纸
炎,yan2,平,下平十四盐
康,kang1,平,下平七阳
胜,sheng4,平、仄,去声二十五径、下平十蒸
照,zhao4,仄,去声十八啸
御,yu4,仄,去声六御
逗,dou4,仄,去声二十六宥
衍,yan3,仄,上声十六铣、去声十七霰
弟,di4,仄,去声八霁、上声八荠
丘,qiu1,平,下平十一尤
话,hua4,仄,去声十卦
泽,ze2,仄,入声十一陌、入声十药
敛,lian4,仄,去声二十九艳、上声二十八琰
赶,gan3,仄,上声十四旱
衙,ya2,平、仄,上声六语、去声二十二祃、下平六麻、上平六鱼
攘,rang4,平、仄,下平七阳、上声二十二养
憎,zeng1,平,下平十蒸
飓,ju4,仄,去声七遇
麦,mai4,仄,入声十一陌
蝣,you2,平,下平十一尤
啼,ti2,平,上平八齐
晦,hui4,仄,去声十一队
蛤,ha2,仄,入声十五合
僧,seng1,平,下平十蒸
栲,kao3,仄,上声十九皓
倩,qian4,仄,去声二十四敬、去声十七霰
患,huan4,平、仄,去声十六谏、上平十五删
亟,ji2,仄,入声十三职
灾,zai1,平,上平十灰
因,yin1,平,上平十一真
竭,jie2,仄,入声九屑、入声六月
师,shi1,平,上平四支
酒,jiu3,仄,上声二十五有
片,pian4,仄,去声十七霰
厚,hou4,仄,上声二十五有、去声二十六宥
佳,jia1,平,上平九佳
版,ban3,仄,上声十五潸
荠,qi2,平、仄,上平四支、上声八荠
憧,chong1,平、仄,去声三绛、上平二冬
迎,ying2,平、仄,去声二十四敬、下平八庚
卨,xie4,仄,入声九屑
伦,lun2,平,上平十一真
犬,quan3,仄,上声十六铣
南,nan2,平,下平十二侵、下平十三覃
薄,bo2,仄,入声十药
协,xie2,仄,入声十五合
额,e2,仄,入声十一陌
逢,feng2,平,上平一东、下平七阳、上平二冬
取,qu3,仄,上声二十五有、上声七麌
砭,bian1,平、仄,去声二十九艳、下平十四盐
珉,min2,平,上平十一真
足,zu2,仄,入声二沃、去声七遇
洁,jie2,仄,入声九屑
绣,xiu4,仄,去声二十六宥
屏,ping2,平、仄,上声二十三梗、下平九青
翩,pian1,平,下平一先
扫,sao3,仄,去声二十号、上声十九皓
仓,cang1,平,下平七阳
僻,pi4,仄,入声十一陌
睽,kui2,平,上平八齐
肘,zhou3,仄,上声二十五有
馥,fu4,仄,入声一屋
骆,luo4,仄,入声十药
鹬,yu4,仄,入声四质
盥,guan4,仄,上声十四旱、去声十五翰
烂,lan4,仄,去声十五翰
鳌,ao2,平,下平四豪
序,xu4,仄,上声六语
粹,cui4,仄,去声四寘
聚,ju4,仄,上声七麌、去声七遇
鸪,gu1,平,上平七虞
莓,mei2,平,上平十灰
薮,sou3,仄,上声二十五有
炳,bing3,仄,上声二十三梗
嘎,ga1,仄,入声八黠
柱,zhu4,仄,上声七麌、去声七遇
摩,mo2,平,下平五歌
揩,kai1,平,上平九佳
嗤,chi1,平,上平四支
汉,han4,仄,去声十五翰
蜕,shui4,仄,去声八霁、去声九泰
涸,he2,仄,入声十药、去声七遇
臆,yi4,仄,入声十三职
迄,qi4,仄,入声五物
卓,zhuo1,仄,入声三觉
仙,xian1,平,下平一先
横,heng2,平、仄,下平七阳、去声二十四敬、下平八庚
顷,qing3,平、仄,上声二十三梗、下平八庚
嫖,piao4,平、仄,去声十八啸、下平二萧
憾,han4,仄,去声二十八勘
轳,lu2,平,上平七虞
婪,lan2,平,下平十三覃
巷,xiang4,仄,去声三绛
撼,han4,仄,上声二十七感
碗,wan3,仄,上声十三阮
篑,kui4,仄,去声十卦、去声四寘
松,song1,平,上平二冬
搪,tang2,平,下平七阳
羞,xiu1,平,下平十一尤
角,jiao3,仄,入声一屋、入声三觉
香,xiang1,平,下平七阳
哭,ku1,仄,入声一屋
铭,ming2,平,下平九青
窈,yao3,仄,上声十七筱
证,zheng4,仄,去声二十四敬
滓,zi3,仄,上声四纸
恩,en1,平,上平十三元
映,ying4,仄,去声二十四敬
退,tui4,仄,去声十一队
排,pai2,平,上平九佳
鉴,jian4,仄,去声三十陷
姮,heng2,平,下平十蒸
缯,zeng1,平,下平十蒸
辕,yuan2,平,上平十三元
置,zhi4,仄,去声四寘
张,zhang1,平、仄,下平七阳、去声二十三漾
损,sun3,仄,上声十三阮
浚,jun4,仄,去声十二震
织,zhi1,仄,入声十三职、去声四寘
蜂,feng1,平,上平二冬
卯,mao3,仄,上声十八巧
莞,guan1,平、仄,上平十四寒、上声十五潸
孺,ru2,平、仄,上平七虞、去声七遇
寨,zhai4,仄,去声十卦
座,zuo4,仄,去声二十一个
滔,tao1,平,下平四豪
早,zao3,仄,上声十九皓
击,ji2,仄,入声十二锡
遇,yu4,仄,去声七遇
砥,di3,仄,上声四纸
胸,xiong1,平,上平二冬
驷,si4,仄,去声四寘
缇,ti2,平、仄,上平八齐、上声八荠
裴,pei2,平,上平十灰
揣,chuai3,仄,上声二十哿、上声四纸
桁,heng2,平、仄,下平七阳、去声二十三漾、下平八庚
斐,fei3,仄,上声五尾
耳,er3,仄,上声四纸
豫,yu4,仄,去声六御
楞,leng2,平,下平十蒸
打,da3,仄,上声二十三梗、上声二十一马
初,chu1,平,上平六鱼
形,xing2,平,下平九青
柔,rou2,平,下平十一尤
米,mi3,仄,上声八荠
作,zuo4,仄,上声六语、入声十药、去声二十一个、去声七遇
铄,shuo4,仄,入声十药
蜻,qing1,平,下平八庚
鸶,si1,平,上平四支
嫡,di2,仄,入声十二锡
田,tian2,平,下平一先
枉,wang3,仄,上声二十二养
靥,ye4,仄,入声十五合
郭,guo1,仄,入声十药
诺,nuo4,仄,入声十药
披,pi1,平,上平四支
远,yuan3,仄,去声十四愿、上声十三阮
岐,qi2,平,上平四支
喙,hui4,仄,去声十一队
蝼,lou2,平,下平十一尤
俄,e2,平,下平五歌
跪,gui4,仄,上声四纸
浑,hun2,平、仄,上声十三阮、上平十三元
鹭,lu4,仄,去声七遇
垒,lei3,平、仄,上平四支、上声四纸
芮,rui4,仄,去声八霁
鸬,lu2,平,上平七虞
忙,mang2,平,下平七阳
戒,jie4,仄,去声十卦
中,zhong1,平、仄,上平一东、去声一送
眠,mian2,平,下平一先
钞,chao1,平、仄,去声十九效、下平三肴
杆,gan1,平、仄,去声十五翰、上平十四寒
届,jie4,仄,去声十卦
抓,zhua1,平,下平三肴
丐,gai4,仄,去声九泰、入声七曷
馑,jin3,仄,去声十二震
绍,shao4,仄,上声十七筱
斗,dou3,仄,上声二十五有、去声二十六宥
鲭,qing1,平,下平九青、下平八庚
斩,zhan3,仄,上声二十九豏
璃,li2,平,上平四支
仔,zi3,平、仄,上平四支、上声四纸
镐,hao4,仄,上声十九皓
槲,hu2,仄,入声一屋
栏,lan2,平,上平十四寒
渴,ke3,仄,入声七曷
尹,yin3,仄,上声十一轸
爬,pa2,平,下平六麻
役,yi4,仄,入声十一陌
骁,xiao1,平,下平二萧
疏,shu1,平、仄,上平六鱼、去声七遇
淘,tao2,平,下平四豪
唱,chang4,仄,去声二十三漾
辟,pi4,仄,入声十一陌
俾,bi3,仄,上声四纸
源,yuan2,平,上平十三元
笳,jia1,平,下平六麻
涯,ya2,平,上平九佳、上平四支、下平六麻
吞,tun1,平,上平十三元
驳,bo2,仄,入声三觉
建,jian4,仄,去声十四愿
插,cha1,仄,入声十六叶
脱,tuo1,仄,入声七曷
扑,pu1,仄,入声一屋
炬,ju4,仄,上声六语
失,shi1,仄,入声四质
义,yi4,仄,去声四寘
徊,huai2,平,上平十灰
苍,cang1,平、仄,下平七阳、上声二十二养
泞,ning4,仄,上声六语、去声二十五径、上声二十四迥
执,zhi2,仄,入声十四缉
稽,ji1,平,上平八齐
勇,yong3,仄,上声二肿
弹,dan4,平、仄,去声十五翰、上平十四寒
锱,zi1,平,上平四支
酗,xu4,仄,去声七遇
筒,tong3,平,上平一东
帚,zhou3,仄,上声二十五有
佪,hui2,平,上平十灰
坦,tan3,仄,上声十四旱
晚,wan3,仄,上声十三阮
层,ceng2,平,下平十蒸
旗,qi2,平,上平四支
俨,yan3,仄,上声二十八琰
蛛,zhu1,平,上平七虞
贻,yi2,平,上平四支
沸,fei4,仄,去声五未
朗,lang3,仄,上声二十二养
换,huan4,仄,去声十五翰
菅,jian1,平,上平十五删
篇,pian1,平,下平一先
锤,chui2,平、仄,上平四支、去声四寘
成,cheng2,平,下平八庚
珈,jia1,平,下平六麻
独,du2,仄,入声一屋
嗥,hao2,平,下平四豪
睐,lai4,仄,去声十一队
案,an4,仄,去声十五翰
捩,lie4,仄,去声八霁、入声九屑
过,guo4,平、仄,下平五歌、去声二十一个
獭,ta4,仄,入声八黠、入声七曷
嘶,si1,平,上平八齐
囊,nang2,平,下平七阳
璜,huang2,平,下平七阳
呈,cheng2,平,下平八庚
峋,xun2,平,上平十一真
麝,she4,仄,去声二十二祃
落,luo4,仄,入声十药
围,wei2,平,上平五微
钧,jun1,平,上平十一真
靴,xue1,平,下平五歌、下平六麻
桐,tong2,平,上平一东
趋,qu1,平,上平七虞
歌,ge1,平,下平五歌
酌,zhuo2,仄,入声十药
咸,xian2,平,下平十五咸
息,xi1,仄,入声十三职
坛,tan2,平,上平十四寒、下平十三覃
悲,bei1,平,上平四支
颓,tui2,平,上平十灰
安,an1,平,上平十四寒
堕,duo4,仄,上声二十哿
驾,jia4,仄,去声二十二祃
灭,mie4,仄,入声九屑
诡,gui3,仄,上声四纸
荤,hun1,平,上平十二文
衔,xian2,平,下平十五咸
寝,qin3,仄,上声二十六寝
虏,lu3,仄,上声七麌
娴,xian2,平,上平十五删
鹤,he4,仄,入声十药
曹,cao2,平,下平四豪
谕,yu4,仄,去声七遇
鸸,er2,平,上平四支
籍,ji2,仄,入声十一陌、去声二十二祃
嫚,man4,仄,去声十六谏
粟,su4,仄,入声二沃
诫,jie4,仄,去声十卦
缪,mou2,平、仄,入声一屋、去声二十六宥、下平十一尤
纤,xian1,平,下平十四盐
猢,hu2,平,上平七虞
逍,xiao1,平,下平二萧
摧,cui1,平,上平十灰
重,zhong4,平、仄,上声二肿、去声二宋、上平二冬
并,bing4,平、仄,上声二十三梗、去声二十四敬、上声二十四迥、下平八庚
距,ju4,仄,上声六语
起,qi3,仄,上声四纸
倾,qing1,平,下平八庚
绻,quan3,仄,去声十四愿、上声十三阮
降,jiang4,平、仄,去声三绛、上平三江
抗,kang4,仄,去声二十三漾
响,xiang3,仄,上声二十二养
杞,qi3,仄,上声四纸
穗,sui4,仄,去声四寘
嗉,su4,仄,去声七遇
皱,zhou4,仄,去声二十六宥
宠,chong3,仄,上声二肿
缱,qian3,仄,上声十一轸、上声十六铣、去声十七霰
删,shan1,平,上平十五删
窝,wo1,平,下平五歌
库,ku4,仄,去声七遇
缨,ying1,平,下平八庚
乐,le4,仄,入声十药、去声十九效、入声三觉
玫,mei2,平,上平十灰
跗,fu1,平、仄,上平七虞、去声七遇
乔,qiao2,平,下平二萧
杪,miao3,仄,上声十七筱
校,xiao4,仄,去声十九效
鞍,an1,平,上平十四寒
榴,liu2,平,下平十一尤
教,jiao4,平、仄,去声十九效、下平三肴
鲍,bao4,仄,上声十八巧
昙,tan2,平,下平十三覃
嘤,ying1,平,下平八庚
孝,xiao4,仄,去声十九效
诗,shi1,平,上平四支
补,bu3,仄,上声七麌
恭,gong1,平,上平二冬
熔,rong2,平,上平二冬
妹,mei4,仄,去声十一队
篾,mie4,仄,入声九屑
负,fu4,仄,上声二十五有、去声七遇
释,shi4,仄,入声十一陌
撮,cuo1,仄,入声七曷
地,di4,仄,去声四寘
澡,zao3,仄,上声十九皓
树,shu4,仄,上声七麌、去声七遇
肤,fu1,平,上平七虞
鹫,jiu4,仄,去声二十六宥
旎,ni3,仄,上声四纸
桃,tao2,平,下平四豪
逞,cheng3,仄,上声二十三梗
粕,po4,仄,入声十药
坚,jian1,平,下平一先
挑,tiao1,平、仄,下平二萧、下平四豪、上声十七筱
奎,kui2,平,上平八齐
轿,jiao4,平、仄,去声十八啸、下平二萧
庄,zhuang1,平,下平七阳
魏,wei4,仄,去声五未
耶,ye2,平,下平六麻
炫,xuan4,仄,去声十七霰
栎,li4,仄,入声十二锡
悍,han4,仄,上声十四旱、去声十五翰
脉,mai4,仄,入声十一陌
兆,zhao4,仄,上声十七筱
拚,pan4,平、仄,上平十四寒、去声十七霰、去声十三问、上平十三元、上平十二文
轸,zhen3,仄,上声十一轸
甫,fu3,仄,上声七麌
穫,huo4,仄,入声十一陌、入声十药、去声七遇
疥,jie4,仄,去声十卦
拗,ao3,仄,上声十八巧、去声十九效
傥,tang3,仄,上声二十二养、去声二十三漾
惚,hu1,仄,入声六月
台,tai2,平,上平四支、上平十灰
屯,tun2,平,上平十一真、上平十三元
驽,nu2,平,上平七虞
惕,ti4,仄,入声十二锡
拯,zheng3,仄,上声二十四迥
糕,gao1,平,下平四豪
捡,jian3,仄,上声二十八琰
癫,dian1,平,下平一先
蹬,deng4,仄,去声二十五径
辍,chuo4,仄,入声九屑
鬣,lie4,仄,入声十五合
襁,jiang3,仄,上声二十二养
叙,xu4,仄,上声六语
烈,lie4,仄,入声九屑
财,cai2,平,上平十灰
蜷,quan2,平,下平一先
殃,yang1,平,下平七阳
赐,si4,仄,去声四寘
罹,li2,平,上平四支
撇,pie1,仄,入声九屑
领,ling3,仄,上声二十三梗
卖,mai4,仄,去声十卦
芋,yu4,平、仄,上平七虞、去声七遇
骚,sao1,平,下平四豪
蜜,mi4,仄,入声四质
赦,she4,仄,去声二十二祃
砰,peng1,平,下平八庚
图,tu2,平,上平七虞
汝,ru3,仄,上声六语
澜,lan2,平、仄,去声十五翰、上平十四寒
渗,shen4,平、仄,下平十二侵、去声二十七沁
阜,fu4,仄,上声二十五有
簇,cu4,仄,入声一屋
面,mian4,仄,去声十七霰
桅,wei2,平,上平十灰
痍,yi2,平,上平四支
对,dui4,仄,去声十一队
称,cheng1,平、仄,去声二十五径、下平十蒸
谀,yu2,平,上平七虞
乾,gan1,平,下平一先、上平十四寒
眶,kuang4,平,下平七阳
鹿,lu4,仄,入声一屋
紧,jin3,仄,上声十一轸
迸,beng4,仄,去声二十四敬
楸,qiu1,平,下平十一尤
箕,ji1,平,上平四支
囗,wei2,平,上平五微
泳,yong3,仄,去声二十四敬
湄,mei2,平,上平四支
杵,chu3,仄,上声六语
劝,quan4,仄,去声十四愿
染,ran3,仄,上声二十八琰
习,xi2,仄,入声十四缉
非,fei1,平,上平五微
甸,dian4,仄,去声十七霰
匀,yun2,平,上平十一真
侬,nong2,平,上平二冬
震,zhen4,仄,去声十二震
柩,jiu4,仄,去声二十六宥
课,ke4,仄,去声二十一个
做,zuo4,仄,去声二十一个
牒,die2,仄,入声十五合
叠,die2,仄,入声十五合
袜,wa4,仄,入声六月
椒,jiao1,平,下平二萧
彪,biao1,平,下平十一尤
迥,jiong3,仄,上声二十四迥
骇,hai4,仄,上声九蟹
名,ming2,平,下平八庚
滥,lan4,仄,上声二十九豏、去声二十八勘
持,chi2,平,上平四支
槭,cu4,仄,入声一屋
谄,chan3,仄,上声二十八琰
恪,ke4,仄,入声十药
鬃,zong1,平,上平三江、上平二冬
捧,peng3,仄,上声二肿
斮,zhuo2,仄,入声十药、入声三觉
憔,qiao2,平,下平二萧
妙,miao4,仄,去声十八啸
蔡,cai4,仄,去声九泰
祖,zu3,平、仄,上声七麌、下平六麻
直,zhi2,仄,入声十三职
善,shan4,仄,上声十六铣、去声十七霰
慨,kai3,仄,去声十一队
乎,hu1,平,上平七虞
麾,hui1,平,上平四支
攒,zan3,平,上平十四寒
恕,shu4,仄,去声六御
豢,huan4,仄,去声十六谏
俣,yu3,仄,上声七麌
徕,lai2,平、仄,去声十一队、上平十灰
此,ci3,仄,上声四纸
煅,duan4,仄,去声十五翰
丙,bing3,仄,上声二十三梗
词,ci2,平,上平四支
某,mou3,仄,上声二十五有
掺,xian1,平、仄,上声二十九豏、下平十五咸
倬,zhuo1,仄,入声三觉
凯,kai3,仄,上声十贿
辽,liao2,平,下平二萧
蜍,chu2,平,上平六鱼
萧,xiao1,平,下平二萧
荒,huang1,平,下平七阳
鳄,e4,仄,入声十药
讪,shan4,平、仄,去声十六谏、上平十五删
绸,chou2,平,下平四豪、下平十一尤
定,ding4,仄,去声二十五径
稿,gao3,仄,上声十九皓
兑,dui4,仄,去声九泰
姿,zi1,平,上平四支
网,wang3,仄,上声二十二养
菩,pu2,平,上平七虞
而,er2,平,上平四支
了,le5,仄,上声十七筱
耀,yao4,仄,去声十八啸
偻,lv3,平、仄,去声二十六宥、上声七麌、下平十一尤
连,lian2,平,下平一先
讣,fu4,仄,去声七遇
虐,nve4,仄,入声十药
辩,bian4,仄,上声十六铣
望,wang4,平、仄,下平七阳、去声二十三漾
旭,xu4,仄,入声二沃
萌,meng2,平,下平八庚
柿,shi4,仄,去声十一队
祉,zhi3,仄,上声四纸
拖,tuo1,平、仄,下平五歌、上声二十哿
葡,pu2,平,上平七虞
潮,chao2,平,下平二萧
减,jian3,仄,上声二十九豏
蔫,yan1,平,下平一先
鸭,ya1,仄,入声十六叶
戈,ge1,平,下平五歌
芦,lu2,平,上平七虞
跬,kui3,仄,上声四纸
蜇,zhe2,仄,入声九屑
珍,zhen1,平,上平十一真
梗,geng3,仄,上声二十三梗
捞,lao1,平,下平四豪
沁,qin4,仄,去声二十七沁
酝,yun4,仄,去声十三问
微,wei1,平,上平五微
桓,huan2,平,上平十四寒
凰,huang2,平,下平七阳
之,zhi1,平,上平四支
圜,yuan2,平,下平一先、上平十五删
蒸,zheng1,平,下平十蒸
姊,zi3,仄,上声四纸
沟,gou1,平,下平十一尤
诘,jie2,仄,入声四质
红,hong2,平,上平一东
壑,he4,仄,入声十药
瘤,liu2,平、仄,去声二十六宥、下平十一尤
闭,bi4,仄,去声八霁、入声九屑
嵌,qian4,平、仄,下平十五咸、上声二十七感
蓧,diao4,平、仄,去声十八啸、下平二萧、入声十二锡
挥,hui1,平,上平五微
铰,jiao3,仄,上声十八巧
涵,han2,平,下平十三覃
荟,hui4,仄,去声九泰
杯,bei1,平,上平十灰
慵,yong1,平,上平二冬
兄,xiong1,平,下平八庚
摺,zhe2,仄,入声十五合
牲,sheng1,平,下平八庚
惟,wei2,平,上平四支
崩,beng1,平,下平十蒸
寅,yin2,平,上平四支、上平十一真
充,chong1,平,上平一东
择,ze2,仄,入声十一陌
娟,juan1,平,下平一先
怪,guai4,仄,去声十卦
蔼,ai3,仄,去声九泰
脾,pi2,平,上平四支
寥,liao2,平,下平二萧
狗,gou3,仄,上声二十五有
楹,ying2,平,下平八庚
逆,ni4,仄,入声十一陌
猎,lie4,仄,入声十药、入声十五合
侏,zhu1,平,上平七虞
絮,xu4,仄,去声六御
湛,zhan4,平、仄,去声三十陷、下平十二侵、上声二十九豏、下平十三覃
牢,lao2,平,下平四豪
雉,zhi4,仄,上声四纸
睬,cai3,仄,上声十贿
僚,liao2,平、仄,下平二萧、上声十七筱
迪,di2,仄,入声十二锡
椅,yi3,平、仄,上平四支、上声四纸
陛,bi4,仄,上声八荠
矮,ai3,仄,上声九蟹
辰,chen2,平,上平十一真
穴,xue2,仄,入声九屑
厉,li4,仄,去声八霁
椹,shen4,平、仄,上声二十六寝、下平十二侵
哉,zai1,平,上平十灰
麟,lin2,平,上平十一真
优,you1,平,下平十一尤
祷,dao3,仄,去声二十号、上声十九皓
陀,tuo2,平,下平五歌
缶,fou3,仄,上声二十五有
侠,xia2,仄,入声十五合
倔,jue2,仄,入声五物
热,re4,仄,入声九屑
是,shi4,仄,上声四纸
白,bai2,仄,入声十一陌
峭,qiao4,仄,去声十八啸
棘,ji2,仄,入声十三职
桦,hua4,平、仄,去声二十二祃、下平六麻
舷,xian2,平,下平一先
肋,lei4,仄,入声十三职
鳏,yin2,平,上平十五删
招,zhao1,平,下平二萧
曦,xi1,平,上平四支
杏,xing4,仄,上声二十三梗
亥,hai4,仄,上声十贿
放,fang4,仄,上声二十二养、去声二十三漾
秉,bing3,仄,上声二十三梗
问,wen4,仄,去声十三问
慎,shen4,仄,去声十二震
胶,xiao2,平、仄,去声十九效、下平三肴
盾,dun4,仄,上声十一轸、上声十三阮
顶,ding3,仄,上声二十四迥
蜮,yu4,仄,入声十三职
熏,xun1,平,上平十二文
娑,suo1,平、仄,下平五歌、去声二十一个、上声二十哿
哦,e2,平,下平五歌
佗,tuo2,平,下平五歌
阎,yan2,平,下平十四盐
疟,nve4,仄,入声十药
檐,yan2,平,下平十四盐
跟,gen1,平,上平十三元
龄,ling2,平,下平九青
针,zhen1,平,下平十二侵、下平十四盐
憨,han1,平、仄,去声二十八勘、下平十三覃
嘻,xi1,平,上平四支
咻,xiu1,平、仄,上声七麌、下平十一尤
规,gui1,平,上平四支
侪,chai2,平,上平九佳
娜,nuo2,仄,上声二十哿
狸,li2,平,上平四支
呱,gu1,平,上平七虞
路,lu4,仄,去声七遇
递,di4,仄,去声八霁、上声八荠
洽,qia4,仄,入声十六叶
坑,keng1,平,下平八庚
扈,hu4,仄,上声七麌
鼓,gu3,仄,上声七麌
愉,yu2,平,上平七虞
榈,lv2,平,上平六鱼
胁,xie2,仄,去声二十九艳、入声十六叶
魅,mei4,仄,去声四寘
军,jun1,平,上平十二文
藕,ou3,仄,上声二十五有
梓,zi3,仄,上声四纸
卵,luan3,仄,上声十四旱、上声二十哿
城,cheng2,平,下平八庚
萸,yu2,平,上平七虞
睡,shui4,仄,去声四寘
萃,cui4,仄,去声四寘
蹭,ceng4,仄,去声二十五径
群,qun2,平,上平十二文
被,bei4,平、仄,上平四支、去声四寘、上声四纸
馒,man2,平,上平十四寒
默,mo4,仄,入声十三职
螃,pang2,平,下平七阳
锄,chu2,平,上平六鱼
赋,fu4,仄,去声七遇
堡,bao3,仄,上声十九皓
岗,gang3,平,下平七阳
亭,ting2,平,下平九青
诱,you4,仄,上声二十五有
髦,mao2,平,下平四豪
刃,ren4,仄,去声十二震
辉,hui1,平,上平五微
愈,yu4,平、仄,上平七虞、上声七麌
闵,min3,仄,上声十一轸
变,bian4,仄,去声十七霰
黑,hei1,仄,入声十三职
阮,ruan3,平、仄,上声十三阮、上平十三元
淮,huai2,平,上平九佳
帜,zhi4,仄,去声四寘
瑙,nao3,仄,上声十九皓
字,zi4,仄,去声四寘
溜,liu1,仄,去声二十六宥
肴,yao2,平,下平三肴
坟,fen2,平、仄,上声十二吻、上平十二文
逾,yu2,平,上平七虞
翔,xiang2,平,下平七阳
缉,qi4,仄,入声十四缉
译,yi4,仄,入声十一陌
狠,hen3,平、仄,上平十五删、上声十三阮
韩,han2,平,上平十四寒
轭,e4,仄,入声十一陌
闺,gui1,平,上平八齐
蝙,bian1,平,下平一先
惭,can2,平,下平十三覃
写,xie3,仄,上声二十一马
遣,qian3,仄,上声十六铣、去声十七霰
辗,zhan3,仄,上声十六铣、去声十七霰
格,ge2,仄,入声十一陌、入声十药
署,shu3,仄,去声六御
巩,gong3,仄,上声二肿
篦,bi4,平,上平八齐
鲇,nian2,平,下平十四盐
瓜,gua1,平,下平六麻
琐,suo3,仄,上声二十哿
乍,zha4,仄,去声二十二祃
州,zhou1,平,下平十一尤
愆,qian1,平,下平一先
决,jue2,仄,入声九屑
障,zhang4,平、仄,下平七阳、去声二十三漾
贡,gong4,仄,去声一送
胧,long2,平,上平一东
槃,pan2,平,上平十四寒
蹊,xi1,平,上平八齐
靡,mi3,仄,上声四纸
燧,sui4,仄,去声四寘
寒,han2,平,上平十四寒
溅,jian4,平、仄,下平一先、去声十七霰
悔,hui3,仄,去声十一队、上声十贿
杜,du4,仄,上声七麌
遐,xia2,平,下平六麻
氏,shi4,平、仄,上平四支、上声四纸
邮,you2,平,下平十一尤
通,tong1,平,上平一东
搏,bo2,仄,入声十药
辘,lu4,仄,入声一屋
钻,zuan4,平、仄,去声十五翰、上平十四寒
踯,zhi2,仄,入声十一陌
久,jiu3,仄,上声二十五有
涔,cen2,平,下平十二侵
叨,tao1,平,下平四豪
蚩,chi1,平,上平四支
刳,ku1,平,上平七虞
鸽,ge1,仄,入声十五合
匣,xia2,仄,入声十六叶
捉,zhuo1,仄,入声三觉
贤,xian2,平,下平一先
止,zhi3,仄,上声四纸
勃,bo2,仄,入声六月
海,hai3,仄,上声十贿
堆,dui1,平,上平十灰
戆,gang4,仄,去声三绛
廖,liao4,仄,去声二十六宥
且,qie3,平、仄,上声二十一马、上平六鱼
杰,jie2,仄,入声九屑
薏,yi4,仄,入声十三职
私,si1,平,上平四支
琴,qin2,平,下平十二侵
朦,meng2,平,上平一东
臭,chou4,仄,去声二十六宥
孚,fu2,平,上平七虞
哑,ya3,平、仄,入声十一陌、上声二十一马、下平六麻
蠓,meng3,平、仄,上平一东、上声一董
懵,meng3,平、仄,上平一东、去声二十五径、去声一送、上声一董
捎,shao1,平,下平三肴
饴,yi2,平,上平四支
苟,gou3,仄,上声二十五有
党,dang3,仄,上声二十二养
炭,tan4,仄,去声十五翰
窃,qie4,仄,入声九屑
吸,xi1,仄,入声十四缉
饮,yin3,仄,上声二十六寝、去声二十七沁
祺,qi2,平,上平四支
噩,e4,仄,入声十药
懦,nuo4,平、仄,上平七虞、去声十五翰、去声二十一个
嫉,ji2,仄,入声四质
萎,wei1,平、仄,上平四支、去声四寘、上声四纸
肺,fei4,仄,去声十一队
寿,shou4,仄,上声二十五有、去声二十六宥
皆,jie1,平,上平九佳
翱,ao2,平,下平四豪
苦,ku3,仄,上声七麌、去声七遇
翘,qiao2,平,下平二萧
捍,han4,仄,去声十五翰
樵,qiao2,平,下平二萧
辜,gu1,平,上平七虞
气,qi4,仄,去声五未
愿,yuan4,仄,去声十四愿
兼,jian1,平、仄,去声二十九艳、下平十四盐
颠,dian1,平,下平一先
挞,ta4,仄,入声七曷
啜,chuo4,仄,入声九屑
动,dong4,仄,去声一送、上声一董
冲,chong1,平,上平一东、上平二冬
膨,peng2,平,下平八庚
没,mei2,仄,入声六月
枪,qiang1,平,下平七阳、下平八庚
迟,chi2,平、仄,上平四支、去声四寘
渼,mei3,仄,上声四纸
菀,wan3,仄,入声五物、上声十三阮
槿,jin3,仄,上声十二吻
塌,ta1,仄,入声十五合
咏,yong3,仄,去声二十四敬
妓,ji4,仄,上声四纸
垠,yin2,平,上平十一真、下平一先、上平十三元、上平十二文
乘,cheng2,平、仄,去声二十五径、下平十蒸
倏,shu1,仄,入声一屋
泸,lu2,平,上平七虞
瞭,liao3,仄,上声十七筱
蛾,e2,平,下平五歌
蒙,meng2,平,上平一东
泄,xie4,仄,去声八霁、入声九屑
誉,yu4,平、仄,去声六御、上平六鱼
滞,zhi4,仄,去声八霁
撅,jue1,仄,入声六月
镰,lian2,平,下平十四盐
舅,jiu4,仄,上声二十五有
些,xie1,平、仄,去声二十一个、下平六麻
栋,dong4,仄,去声一送
叛,pan4,仄,去声十五翰
橡,xiang4,仄,上声二十二养
厄,e4,仄,入声十一陌
袁,yuan2,平,上平十三元
资,zi1,平,上平四支
蓝,lan2,平,下平十三覃
烬,jin4,仄,去声十二震
泼,po1,仄,入声七曷
污,wu1,平、仄,上平七虞、下平六麻、去声七遇
剿,jiao3,平、仄,上声十七筱、下平三肴
罐,guan4,仄,去声十五翰
道,dao4,仄,去声二十号、上声十九皓
缰,jiang1,平,下平七阳
冉,ran3,仄,上声二十八琰
匍,pu2,平,上平七虞
曝,pu4,仄,入声一屋、去声二十号
前,qian2,平,下平一先
尤,you2,平,下平十一尤
壹,yi1,仄,入声四质
纨,wan2,平,上平十四寒
藻,zao3,仄,上声十九皓
嘲,chao2,平,下平三肴
徉,yang2,平,下平七阳
麓,lu4,仄,入声一屋
徵,zheng1,平、仄,下平十蒸、上声四纸
阪,ban3,仄,上声十三阮
向,xiang4,仄,上声二十二养、去声二十三漾
寸,cun4,仄,去声十四愿
卫,wei4,仄,去声八霁
彷,pang2,平、仄,下平七阳、上声二十二养
滑,hua2,仄,入声八黠、入声六月
高,gao1,平,下平四豪
溉,gai4,仄,去声五未、去声十一队
寓,yu4,仄,去声七遇
吉,ji2,仄,入声四质
盟,meng2,平、仄,去声二十四敬、下平八庚
豪,hao2,平,下平四豪
悠,you1,平,下平十一尤
绎,yi4,仄,入声十一陌
鲲,kun1,平,上平十三元
馈,kui4,仄,去声四寘
绅,shen1,平,上平十一真
瘳,chou1,平,下平十一尤
侧,ce4,仄,入声十三职
沽,gu1,平,上平七虞
荏,ren3,仄,上声二十六寝
峨,e2,平、仄,下平五歌、上声二十哿
瑕,xia2,平,下平六麻
江,jiang1,平,上平三江
髓,sui3,仄,上声四纸
颦,pin2,平,上平十一真
甲,jia3,仄,入声十六叶
耆,qi2,平,上平四支
瑰,gui1,平,上平十灰
追,zhui1,平,上平四支
惆,chou2,平,下平十一尤
诞,dan4,仄,上声十四旱
靶,ba3,仄,去声二十二祃
画,hua4,仄,入声十一陌、去声十卦
着,zhao2,仄,入声十药
静,jing4,仄,上声二十三梗
枕,zhen3,仄,上声二十六寝、去声二十七沁
幌,huang3,仄,上声二十二养
赊,she1,平,下平六麻
褴,bao3,平,下平十三覃
猜,cai1,平,上平十灰
晤,wu4,仄,去声七遇
爱,ai4,仄,去声十一队
茸,rong2,平、仄,上平一东、上声二肿、上平二冬
参,can1,平、仄,下平十二侵、去声二十八勘、上声二十七感、下平十三覃
惊,liang2,平,下平八庚
悴,cui4,仄,去声四寘
口,kou3,仄,上声二十五有
堇,jin3,平、仄,去声十二震、去声十三问、上平十二文
发,fa1,仄,入声六月
工,gong1,平,上平一东
冻,dong4,仄,去声一送
幸,xing4,仄,上声二十三梗
评,ping2,平、仄,去声二十四敬、下平八庚
斡,wo4,仄,入声七曷
总,zong3,平、仄,上平一东、上声一董
苋,xian4,仄,去声十六谏
袭,xi2,仄,入声十四缉
汤,tang1,平、仄,下平七阳、去声二十三漾
蛟,jiao1,平,下平三肴
段,duan4,仄,去声十五翰
仆,pu1,仄,入声一屋、入声二沃、去声二十六宥、去声七遇
诲,hui4,仄,去声十一队
阉,yan1,平,下平十四盐
忤,wu3,仄,去声七遇
陈,chen2,平、仄,上平十一真、去声十二震
喑,yin1,平、仄,下平十二侵、去声二十七沁、下平十三覃
獐,zhang1,平,下平七阳
拳,quan2,平,下平一先
迫,po4,仄,入声十一陌
胫,jing4,仄,去声二十五径、上声二十四迥
臂,bi4,仄,去声四寘
慕,mu4,仄,去声七遇
养,yang3,仄,上声二十二养、去声二十三漾
攸,you1,平,下平十一尤
耨,nou4,仄,去声二十六宥
颀,qi2,平,上平五微
卿,qing1,平,下平八庚
歇,xie1,仄,入声八黠、入声九屑、入声六月、入声七曷
冯,feng2,平,上平一东、下平十蒸
茁,zhuo2,仄,入声四质、入声九屑、入声八黠
痰,tan2,平,下平十三覃
愫,su4,仄,去声七遇
龛,kan1,平,下平十三覃
缮,shan4,仄,去声十七霰
膳,shan4,仄,去声十七霰
醐,hu2,平,上平七虞
鳗,man2,平,上平十四寒
危,wei1,平,上平四支
狈,bei4,仄,去声九泰
娃,wa2,平,上平九佳、下平六麻
茉,mo4,仄,入声七曷
联,lian2,平,下平一先
续,xu4,仄,入声二沃
亚,ya4,仄,去声二十二祃
光,guang1,平,下平七阳
修,xiu1,平,下平十一尤
傍,bang4,平、仄,下平七阳、去声二十三漾
矾,fan2,平,上平十三元
髭,zi1,平,上平四支
主,zhu3,仄,上声七麌
郝,hao3,仄,入声十药
狷,juan4,仄,上声十六铣、去声十七霰
嘹,liao2,平、仄,去声十八啸、下平二萧
扬,yang2,平、仄,下平七阳、去声二十三漾
棣,di4,仄,去声八霁
呦,you1,平,下平十一尤
天,tian1,平,下平一先
恹,yan4,平,下平十四盐
檞,jie3,仄,上声九蟹
才,cai2,平,上平十灰
迈,mai4,仄,去声十卦
忽,hu1,仄,入声六月
简,jian3,仄,上声十五潸
朔,shuo4,仄,入声三觉
铃,ling2,平,下平九青
最,zui4,仄,去声九泰
辐,fu2,仄,入声一屋
嚼,jiao2,仄,入声十药
矩,ju3,仄,上声七麌
绶,shou4,仄,上声二十五有、去声二十六宥
授,shou4,仄,上声二十五有、去声二十六宥
雌,ci2,平,上平四支
秋,qiu1,平,下平十一尤
谷,gu3,仄,入声一屋
虞,yu2,平,上平七虞
缡,li2,平,上平四支
祝,zhu4,仄,入声一屋
然,ran2,平,下平一先
绕,rao4,仄,去声十八啸、上声十七筱
俚,li3,仄,上声四纸
练,lian4,仄,去声十七霰
卞,bian4,仄,去声十七霰
劫,jie2,仄,入声十六叶
枣,zao3,仄,上声十九皓
嗜,shi4,仄,去声四寘
髅,lou2,平,下平十一尤
栀,zhi1,平,上平四支
椰,ye2,平,下平六麻
斤,jin1,平、仄,去声十三问、上平十二文
颏,hai2,平、仄,上平十灰、上声十贿
仰,yang3,平、仄,下平七阳、上声二十二养、去声二十三漾
场,chang2,平,下平七阳
蓄,xu4,仄,入声一屋
读,du2,仄,入声一屋、去声二十六宥
绚,xuan4,仄,去声十七霰
馨,xin1,平,下平九青
啧,ze2,仄,入声十一陌
交,jiao1,平,下平三肴
余,yu2,平,上平六鱼
启,qi3,仄,上声八荠
债,zhai4,仄,去声十卦
纬,wei3,仄,去声五未
驮,tuo2,平、仄,下平五歌、去声二十一个
谏,jian4,仄,去声十六谏
呗,bai4,仄,去声十卦
浏,liu2,平、仄,上声二十五有、下平十一尤
柴,chai2,平、仄,上平九佳、去声十卦、去声四寘
邵,shao4,仄,去声十八啸
辑,ji2,仄,入声十四缉
殇,shang1,平,下平七阳
晒,shai4,仄,去声十卦、去声四寘
均,jun1,平,上平十一真
刎,wen3,仄,上声十二吻
啐,cui4,仄,去声十一队
掇,duo2,仄,入声九屑、入声七曷
多,duo1,平,下平五歌
苛,ke1,平,下平五歌
羚,ling2,平,下平九青
泊,bo2,仄,入声十药
昼,zhou4,仄,去声二十六宥
址,zhi3,仄,上声四纸
赂,lu4,仄,去声七遇
瞻,zhan1,平,下平十四盐
舟,zhou1,平,下平十一尤
迅,xun4,仄,去声十二震
吼,hou3,仄,上声二十五有、去声二十六宥
硬,ying4,仄,去声二十四敬
阄,jiu1,平,下平十一尤
锐,rui4,仄,去声八霁
腆,tian3,仄,上声十六铣
驶,shi3,仄,上声四纸
支,zhi1,平,上平四支
碌,lu4,仄,入声一屋
垛,duo3,仄,上声二十哿
瓢,piao2,平,下平二萧
遏,e4,仄,入声七曷
餍,yan4,平、仄,去声二十九艳、下平十四盐
觑,qu4,仄,去声六御
禀,bing3,仄,上声二十六寝
佯,yang2,平,下平七阳
埂,geng3,平、仄,上声二十三梗、下平八庚
膝,xi1,仄,入声四质
诧,cha4,仄,去声二十二祃
棚,peng2,平,下平十蒸、下平八庚
冠,guan1,平、仄,去声十五翰、上平十四寒
蟀,shuai4,仄,入声四质
蒲,pu2,平,上平七虞
巳,si4,仄,上声四纸
困,kun4,仄,去声十四愿
愎,bi4,仄,入声十三职
觊,ji4,仄,去声四寘
娥,e2,平,下平五歌
榄,lan3,仄,上声二十七感
泮,pan4,仄,去声十五翰
点,dian3,仄,上声二十八琰
琉,liu2,平,下平十一尤
岑,cen2,平,下平十二侵
瞑,ming2,平、仄,下平一先、下平九青、去声二十五径、去声十七霰
绀,gan4,仄,去声二十八勘
潸,shan1,平、仄,上平十五删、上声十五潸
略,lve4,仄,入声十药
郸,dan1,平,上平十四寒
批,pi1,平、仄,上平八齐、入声九屑
玻,bo1,平,下平五歌
苔,tai2,平,上平十灰
宣,xuan1,平,下平一先
低,di1,平,上平八齐
隶,li4,仄,去声八霁
嫁,jia4,仄,去声二十二祃
哀,ai1,平,上平十灰
蚯,qiu1,平,下平十一尤
夏,xia4,仄,去声二十二祃、上声二十一马
顿,dun4,仄,去声十四愿
也,ye3,仄,上声二十一马
汰,tai4,仄,去声九泰、入声七曷
飙,biao1,平,下平二萧
显,xian3,仄,上声十六铣
幄,wo4,仄,入声三觉
碛,qi4,仄,入声十一陌
玑,ji1,平,上平五微
桢,zhen1,平,下平八庚
蠖,huo4,仄,入声十药
纭,yun2,平,上平十二文
磅,bang4,平,下平七阳
绐,dai4,仄,上声十贿
暂,zan4,仄,去声二十八勘
妲,da2,仄,去声十五翰、入声七曷
隐,yin3,仄,上声十二吻、去声十三问
宇,yu3,仄,上声七麌
匐,fu2,仄,入声一屋、入声十三职
殂,cu2,平,上平七虞
轮,lun2,平,上平十一真
醮,jiao4,仄,去声十八啸
垄,long3,仄,上声二肿
拓,tuo4,仄,入声十药、入声十五合
欺,qi1,平,上平四支
旻,min2,平,上平十一真
屣,xi3,仄,去声四寘、上声四纸
伽,qie2,平,下平五歌、下平六麻
孜,zi1,平,上平四支
搓,cuo1,平,下平五歌
柏,bai3,仄,入声十一陌
呵,he1,平,下平五歌
掴,guo2,仄,入声十一陌
葫,hu2,平,上平七虞
枰,ping2,平,下平八庚
氛,fen1,平,上平十二文
划,hua2,平、仄,入声十一陌、下平六麻
辋,wang3,仄,上声二十二养
玲,ling2,平,下平九青
踝,huai2,仄,上声二十一马
珑,long2,平,上平一东
豉,chi3,仄,去声四寘
龈,ken3,平、仄,上声十三阮、上平十二文
笺,jian1,平,下平一先
拌,ban4,平、仄,上声十四旱、去声十五翰、上平十四寒
崭,zhan3,平、仄,上声二十九豏、下平十五咸
瞰,kan4,仄,去声二十八勘
窜,cuan4,仄,去声十五翰
媲,pi4,仄,去声八霁
代,dai4,仄,去声十一队
槁,gao3,仄,上声十九皓
滤,lv4,仄,去声六御
闰,run4,仄,去声十二震
庶,shu4,仄,去声六御
凿,zao2,仄,入声十药、去声二十号
老,lao3,仄,上声十九皓
讼,song4,仄,去声二宋
殒,yun3,仄,上声十一轸
鸯,yang1,平,下平七阳
亡,wang2,平,下平七阳
呼,hu1,平、仄,上平七虞、去声七遇
俯,fu3,仄,上声七麌
恙,yang4,仄,去声二十三漾
镛,yong1,平,上平二冬
皑,ai2,平,上平十灰
伎,ji4,平、仄,上平四支、去声四寘
掘,jue2,仄,入声五物、入声六月
筴,ce4,仄,入声十一陌、入声十六叶、入声十五合
坂,ban3,仄,上声十三阮
怯,qie4,仄,入声十六叶
暹,xian1,平,下平十四盐
伞,san3,仄,上声十四旱
庐,lu2,平,上平六鱼
鸨,bao3,仄,上声十九皓
曙,shu4,仄,去声六御
苣,ju4,仄,上声六语
丁,ding1,平,下平九青、下平八庚
妒,du4,仄,去声七遇
聂,nie4,仄,入声十五合
漕,cao2,平、仄,下平四豪、去声二十号
荜,bi4,仄,入声四质
胛,jia3,仄,入声十六叶
蔗,zhe4,仄,去声二十二祃
审,shen3,仄,上声二十六寝
抽,chou1,平,下平十一尤
荻,di2,仄,入声十二锡
罢,ba4,平、仄,上平四支、去声二十二祃、上声九蟹
缥,piao3,仄,上声十七筱
殴,ou1,仄,上声二十五有
裕,yu4,仄,去声七遇
议,yi4,仄,去声四寘
懊,ao4,仄,去声二十号、上声十九皓
眉,mei2,平,上平四支
第,di4,仄,去声八霁
蓓,bei4,仄,上声十贿
枷,jia1,平,下平五歌、下平六麻
猩,xing1,平,下平九青、下平八庚
帆,fan1,平、仄,去声三十陷、下平十五咸
迁,qian1,平,下平一先
粤,yue4,仄,入声六月
宕,dang4,仄,去声二十三漾
冰,bing1,平,下平十蒸
拿,na2,平,下平六麻
巅,dian1,平,下平一先
癣,xian3,仄,上声十六铣
却,que4,仄,入声十药
弩,nu3,仄,上声七麌
暝,ming2,平、仄,下平九青、去声二十五径
疆,jiang1,平,下平七阳
罂,ying1,平,下平八庚
岂,qi3,仄,上声五尾、上声十贿
枯,ku1,平,上平七虞
遁,dun4,仄,去声十四愿、上声十三阮
笼,long2,平、仄,上平一东、上平二冬、上声一董
瓠,hu4,平、仄,上平七虞、去声七遇
炽,chi4,仄,去声四寘
谒,ye4,仄,入声六月
露,lu4,仄,去声七遇
线,xian4,仄,去声十七霰
鸾,luan2,平,上平十四寒
荼,tu2,平,上平七虞、下平六麻
蝎,he2,仄,入声七曷
级,ji2,仄,入声十四缉
父,fu4,仄,上声七麌
察,cha2,仄,入声八黠
滦,luan2,平,上平十四寒
键,jian4,平、仄,下平一先、上声十六铣、上声十三阮
狄,di2,仄,入声十二锡
慇,yin1,平,上平十一真、上平十二文
倪,ni2,平,上平八齐
骍,xin1,平,下平八庚
缄,jian1,平,下平十五咸
浃,jia2,仄,入声十五合
截,jie2,仄,入声九屑
晰,xi1,仄,入声十二锡
奈,nai4,仄,去声九泰、去声二十一个
眼,yan3,仄,上声十五潸
世,shi4,仄,去声八霁
祸,huo4,仄,上声二十哿
言,yan2,平,上平十三元
菡,han4,仄,上声二十七感
挣,zheng1,平、仄,去声二十四敬、下平八庚
瑞,rui4,仄,去声四寘
舔,tian3,仄,上声二十八琰
餐,can1,平,上平十四寒
暮,mu4,仄,去声七遇
颖,ying3,仄,上声二十三梗
朕,zhen4,仄,上声十一轸、上声二十六寝
穹,qiong2,平,上平一东
娣,di4,仄,去声八霁、上声八荠
黄,huang2,平,下平七阳
霞,xia2,平,下平六麻
市,shi4,仄,上声四纸
幅,fu2,仄,入声一屋、入声十三职
省,sheng3,仄,上声二十三梗
焰,yan4,仄,去声二十九艳
综,zong4,仄,去声二宋
该,gai1,平,上平十灰
阳,yang2,平,下平七阳
抄,chao1,平,下平三肴
漉,lu4,仄,入声一屋
骡,luo2,平,下平五歌
拦,lan2,平,上平十四寒
瞠,cheng1,平,下平八庚
娼,chang1,平,下平七阳
阈,yu4,仄,入声十三职
纱,sha1,平,下平六麻
霎,sha4,仄,入声十六叶、入声十五合
焚,fen2,平,上平十二文
浸,jin4,仄,去声二十七沁
躏,lin4,仄,去声十二震
藓,xian3,仄,上声十六铣
齑,ji1,平,上平八齐
凉,liang2,平,下平七阳
滂,pang1,平,下平七阳
捏,nie1,仄,入声九屑
鳐,yao2,平,下平二萧
健,jian4,仄,去声十四愿
听,ting1,平、仄,上声十二吻、下平九青、去声二十五径
壅,yong1,平、仄,上声二肿、去声二宋、上平二冬
帛,bo2,仄,入声十一陌
办,ban4,仄,去声十六谏
挤,ji3,平、仄,上平八齐、去声八霁
鳃,sai1,平,上平十灰
腐,fu3,仄,上声七麌
体,ti3,仄,上声八荠
鳝,shan4,仄,上声十六铣
晙,jun4,仄,去声十二震
筝,zheng1,平,下平八庚
栽,zai1,平、仄,去声十一队、上平十灰
踉,lang2,平,下平七阳
韭,jiu3,仄,上声二十五有
枸,ju3,平、仄,上平七虞、上声二十五有、上声七麌、下平十一尤
衅,xin4,仄,去声十二震
稷,ji4,仄,入声十三职
汐,xi4,仄,入声十一陌
两,liang3,仄,上声二十二养、去声二十三漾
蒂,di4,仄,去声八霁
容,rong2,平,上平二冬
乌,wu1,平,上平七虞
踟,chi2,平,上平四支
阁,ge2,仄,入声十药
阶,jie1,平,上平九佳
魁,kui2,平,上平十灰
捶,chui2,仄,上声四纸
孱,chan2,平,下平一先、上平十五删
始,shi3,仄,去声四寘、上声四纸
浩,hao4,仄,上声十九皓
兮,xi1,平,上平八齐
鸡,ji1,平,上平八齐
恣,zi4,仄,去声四寘
饲,si4,仄,去声四寘
嗣,si4,仄,去声四寘
厅,ting1,平,下平九青
翊,yi4,仄,入声十三职
瑟,se4,仄,入声四质、去声四寘
好,hao3,仄,去声二十号、上声十九皓
邹,zou1,平,下平十一尤
仑,lun2,平,上平十三元
鲛,jiao3,平,下平三肴
饯,jian4,仄,上声十六铣、去声十七霰
饰,shi4,仄,入声十三职
涉,she4,仄,入声十五合
允,yun3,仄,上声十一轸
瑾,jin3,仄,上声十二吻、去声十二震
逵,kui2,平,上平四支
质,zhi2,仄,入声四质、去声四寘
窘,jiong3,仄,上声十一轸
揶,ye2,平,下平六麻
蘩,fan2,平,上平十三元
浊,zhuo2,仄,入声一屋、入声三觉
宏,hong2,平,下平八庚
基,ji1,平,上平四支
侍,shi4,仄,去声四寘
旨,zhi3,仄,上声四纸
舞,wu3,仄,上声七麌
棰,chui2,仄,上声四纸
裘,qiu2,平,下平十一尤
亲,qin1,平、仄,上平十一真、去声十二震
褐,he2,仄,入声九屑、入声七曷
包,bao1,平,下平三肴
饭,fan4,仄,去声十四愿、上声十三阮、去声十七霰
彰,zhang1,平,下平七阳
嚄,huo4,仄,入声十一陌
美,mei3,仄,上声四纸
熹,xi1,平,上平四支
孳,zi1,平、仄,上平四支、去声四寘
桩,zhuang1,平,上平三江
有,you3,仄,上声二十五有
筐,kuang1,平,下平七阳
祆,xian1,平,下平一先
梏,gu4,仄,入声二沃
徯,xi1,平、仄,上平八齐、上声八荠
吕,lv3,仄,上声六语
夭,yao1,平、仄,下平二萧、上声十七筱、上声十九皓
痿,wei3,平、仄,上平四支、去声四寘
租,zu1,平,上平七虞
怙,hu4,仄,上声七麌
哮,xiao1,平、仄,去声十九效、下平三肴
浆,jiang1,平,下平七阳
难,nan2,平、仄,下平五歌、去声十五翰、上平十四寒
啻,chi4,仄,去声四寘
朝,zhao1,平,下平二萧
摈,bin4,仄,去声十二震
妩,wu3,仄,上声七麌
挠,nao2,平、仄,上声十八巧、下平四豪、下平三肴
绨,ti2,平,上平八齐
居,ju1,平,上平四支、上平六鱼
葱,cong1,平,上平一东
拢,long3,平、仄,上平一东、上声一董
裨,bi4,平,上平四支
寻,xun2,平,下平十二侵
援,yuan2,平、仄,去声十七霰、上平十三元
肆,si4,仄,去声四寘
彻,che4,仄,入声九屑
猫,mao1,平,下平二萧
沪,hu4,仄,上声七麌
畴,chou2,平,下平十一尤
短,duan3,仄,上声十四旱
脏,zang1,仄,上声二十二养、去声二十三漾
伤,shang1,平,下平七阳
收,shou1,平、仄,去声二十六宥、下平十一尤
唧,ji1,仄,入声四质、入声十三职
曰,yue1,仄,入声六月
像,xiang4,仄,上声二十二养
蠹,du4,仄,去声七遇
邬,wu1,仄,上声七麌
盐,yan2,平、仄,去声二十九艳、下平十四盐
犷,guang3,仄,上声二十三梗、上声二十二养
揠,ya4,仄,入声八黠
索,suo3,仄,入声十一陌、入声十药
獗,jue2,仄,入声六月
陋,lou4,仄,去声二十六宥
数,shu4,仄,上声七麌、入声三觉、去声七遇
室,shi4,仄,入声四质
搬,ban1,平,上平十四寒
胡,hu2,平,上平七虞
裹,guo3,仄,上声二十哿
圃,pu3,仄,上声七麌、去声七遇
骜,ao2,平、仄,下平四豪、去声二十号
胝,zhi1,平,上平四支
临,lin2,平、仄,下平十二侵、去声二十七沁
琶,pa2,平,下平六麻
髋,kuan1,平,上平十四寒
竿,gan1,平,上平十四寒
翅,chi4,仄,去声四寘
日,ri4,仄,入声四质
途,tu2,平,上平七虞
喘,chuan3,仄,上声十六铣
拆,chai1,仄,入声十一陌
窒,zhi4,仄,入声四质
弘,hong2,平,下平十蒸
贴,tie1,仄,入声十五合
沓,ta4,仄,入声十五合
掩,yan3,仄,上声二十七感、上声二十八琰
圆,yuan2,平,下平一先
煦,xu3,仄,上声七麌、去声七遇
谩,man2,平、仄,去声十六谏、去声十五翰、上平十四寒
缴,jiao3,仄,入声十药、上声十七筱
饷,xiang3,仄,去声二十三漾
颁,ban1,平,上平十五删
蓬,peng2,平,上平一东
蛮,man2,平,上平十五删
杈,cha1,平,下平六麻
邦,bang1,平,上平三江
飘,piao1,平,下平二萧
汁,zhi1,仄,入声十四缉
剥,bo1,仄,入声三觉
羽,yu3,仄,上声七麌、去声七遇
薇,wei2,平,上平五微
屈,qu1,仄,入声五物
媒,mei2,平,上平十灰
嫩,nen4,仄,去声十四愿
隙,xi4,仄,入声十一陌
脍,kuai4,仄,去声九泰
脂,zhi1,平,上平四支
脯,fu3,仄,上声七麌
镬,huo4,仄,入声十药
劳,lao2,平、仄,下平四豪、去声二十号
吭,hang2,平、仄,下平七阳、上声二十二养、去声二十三漾
磷,lin2,平、仄,上平十一真、去声十二震
壕,hao2,平,下平四豪
免,mian3,仄,上声十六铣
蟠,pan2,平,上平十四寒
怨,yuan4,平、仄,去声十四愿、上平十三元
骑,qi2,平、仄,上平四支、去声四寘
顺,shun4,仄,去声十二震
瀛,ying2,平,下平八庚
踞,ju4,仄,去声六御
遂,sui4,仄,去声四寘
饕,tao1,平,下平四豪
聒,gua1,仄,入声七曷
螯,ao2,平,下平四豪
吏,li4,仄,去声四寘
破,po4,仄,去声二十一个
肱,gong1,平,下平十蒸
锋,feng1,平,上平二冬
你,ni3,仄,上声四纸
暧,ai4,仄,去声十一队
双,shuang1,平,上平三江
稚,zhi4,仄,去声四寘
嗽,sou4,仄,去声二十六宥
盛,sheng4,平、仄,去声二十四敬、下平八庚
葛,ge2,仄,入声七曷
瞪,deng4,平、仄,去声二十五径、下平八庚
押,ya1,仄,入声十六叶
梧,wu2,平,上平七虞
辫,bian4,仄,上声十六铣
见,jian4,仄,去声十七霰
摆,bai3,仄,上声九蟹
饱,bao3,仄,上声十八巧
盎,ang4,仄,上声二十二养、去声二十三漾
鲸,jing1,平,下平八庚
驼,tuo2,平,下平五歌
鹕,hu2,平,上平七虞
致,zhi4,仄,去声四寘
阱,jing3,仄,上声二十三梗、去声二十四敬
菌,jun1,平、仄,上声十一轸、上平十一真
指,zhi3,仄,上声四纸
易,yi4,仄,入声十一陌、去声四寘
歼,jian1,平,下平十四盐
疽,ju1,平,上平六鱼
术,zhu2,仄,入声四质、去声四寘
怩,ni2,平,上平四支
绵,mian2,平,下平一先
爪,zhua3,仄,上声十八巧
猥,wei3,仄,上声十贿
募,mu4,仄,去声七遇
帕,pa4,仄,入声八黠、去声二十二祃
缠,chan2,平、仄,下平一先、去声十七霰
粥,zhou1,仄,入声一屋
佣,yong4,平,上平二冬
全,quan2,平,下平一先
踵,zhong3,仄,上声二肿
忠,zhong1,平,上平一东
苕,tiao2,平,下平二萧
蹒,man2,平,上平十四寒
球,qiu2,平,下平十一尤
雪,xue3,仄,入声九屑
枢,shu1,平,上平七虞
僮,tong2,平,上平一东
琛,chen1,平,下平十二侵
怵,chu4,仄,入声四质
抠,kou1,平,下平十一尤
鲨,sha1,平,下平六麻
传,chuan2,平、仄,下平一先、去声十七霰
怜,lian2,平,下平一先
啸,xiao4,仄,去声十八啸
堪,kan1,平,下平十三覃
统,tong3,仄,去声二宋、上声一董
禾,he2,平,下平五歌
同,tong2,平、仄,上平一东、去声一送
瀑,pu4,仄,入声一屋、去声二十号
沂,yi2,平,上平五微
价,jia4,仄,去声二十二祃、去声十卦
签,qian1,平,下平十四盐
营,ying2,平,下平八庚
敖,ao2,平,下平四豪
解,jie3,仄,去声十卦、上声九蟹
正,zheng4,平、仄,去声二十四敬、下平八庚
玄,xuan2,平,下平一先
软,ruan3,仄,上声十六铣
叟,sou3,平、仄,上声二十五有、下平十一尤
勘,kan1,仄,去声二十八勘
沅,yuan2,平、仄,上声十三阮、上平十三元
寐,mei4,仄,去声四寘
伪,wei3,仄,去声四寘
驸,fu4,仄,去声七遇
绉,zhou4,仄,去声二十六宥
罩,zhao4,仄,去声十九效
号,hao4,平、仄,下平四豪、去声二十号
粘,nian2,平,下平十四盐
偕,xie2,平,上平九佳
凄,qi1,平,上平八齐
虹,hong2,平、仄,上平一东、去声三绛
盂,yu2,平,上平七虞
胆,dan3,仄,上声二十七感
心,xin1,平,下平十二侵
羔,gao1,平,下平四豪
惫,bei4,仄,去声十卦
昂,ang2,平,下平七阳
雄,xiong2,平,上平一东
治,zhi4,平、仄,上平四支、去声四寘
欸,ai3,平、仄,上平十灰、上声十贿
晋,jin4,仄,去声十二震
汛,xun4,仄,去声十二震
旌,jing1,平,下平八庚
钥,yao4,仄,入声十药
龉,yu3,平、仄,上声六语、上平七虞、上平六鱼
诈,zha4,仄,去声二十二祃
羸,lei2,平,上平四支
廓,kuo4,仄,入声十药
脸,lian3,仄,上声二十八琰
陇,long3,仄,上声二肿
趾,zhi3,仄,上声四纸
佚,yi4,仄,入声四质、入声九屑
入,ru4,仄,入声十四缉
夺,duo2,仄,入声七曷
仅,jin3,仄,去声十二震
挺,ting3,仄,上声二十四迥
蜚,fei1,平、仄,去声五未、上声五尾、上平五微
昴,mao3,仄,上声十八巧
坷,ke3,仄,去声二十一个、上声二十哿
宪,xian4,仄,去声十四愿
绛,jiang4,仄,去声三绛
薛,xue1,仄,入声九屑
奋,fen4,仄,去声十三问
厂,chang3,仄,上声十四旱、去声十五翰、上声二十二养
辣,la4,仄,入声七曷
鸳,yuan1,平,上平十三元
擅,shan4,仄,去声十七霰
蟆,ma2,平,下平六麻
福,fu2,仄,入声一屋
糊,hu2,平,上平七虞
归,gui1,平,上平五微
荡,dang4,平、仄,下平七阳、上声二十二养、去声二十三漾
貉,he2,仄,入声十药
颜,yan2,平,上平十五删
览,lan3,仄,上声二十七感
既,ji4,仄,去声五未
抛,pao1,平,下平三肴
镂,lou4,平、仄,上平七虞、去声二十六宥
局,ju2,仄,入声二沃
思,si1,平、仄,上平四支、上平十灰、去声四寘
湿,shi1,仄,入声十四缉
碇,ding4,仄,去声二十五径
皇,huang2,平,下平七阳
靓,jing4,仄,上声二十三梗、去声二十四敬
篡,cuan4,仄,去声十六谏
糠,kang1,平,下平七阳
秽,hui4,仄,去声十一队
朵,duo3,仄,上声二十哿
垩,e4,仄,入声十药
骝,liu2,平,下平十一尤
慷,kang1,平、仄,下平七阳、上声二十二养
剁,duo4,仄,去声二十一个
罄,qing4,仄,去声二十五径
谚,yan4,仄,去声十五翰、去声十七霰
箫,xiao1,平,下平二萧
蚤,zao3,仄,上声十九皓
信,xin4,平、仄,上平十一真、去声十二震
产,chan3,仄,上声十五潸
廋,sou1,平,下平十一尤
蓖,bi4,平,上平四支
珊,shan1,平,上平十四寒
丰,feng1,平,上平一东、上平二冬
癖,pi3,仄,入声十一陌
皂,zao4,仄,上声十九皓
岁,sui4,仄,去声八霁
梨,li2,平,上平八齐、上平四支
桑,sang1,平,下平七阳
哆,duo1,平、仄,去声四寘、去声二十二祃、上声二十一马、下平六麻、上声四纸、去声二十一个、上声二十哿
篓,lou3,平、仄,上声二十五有、上声七麌、下平十一尤
锦,jin3,仄,上声二十六寝
鏖,ao2,平,下平四豪
九,jiu3,仄,上声二十五有
巧,qiao3,仄,上声十八巧、去声十九效
讲,jiang3,仄,上声三讲
疱,pao4,仄,去声十九效
儆,jing3,仄,去声二十四敬
澹,dan4,平、仄,去声二十八勘、上声二十七感、下平十三覃
桶,tong3,仄,上声一董
芜,wu2,平,上平七虞
慌,huang1,平、仄,下平七阳、上声二十二养
弃,qi4,仄,去声四寘
荆,jing1,平,下平八庚
反,fan3,平、仄,上声十三阮、上平十三元
散,san4,仄,上声十四旱、去声十五翰
卢,lu2,平,上平七虞
历,li4,仄,入声十二锡
唯,wei2,平、仄,上平四支、上声四纸
帐,zhang4,仄,去声二十三漾
楣,mei2,平,上平四支
笞,chi1,平,上平四支
豸,zhi4,仄,上声四纸
舌,she2,仄,入声九屑
掐,qia1,仄,入声十六叶
蜴,yi4,仄,入声十一陌
旬,xun2,平,上平十一真
苞,bao1,平,下平三肴
鸠,jiu1,平,下平十一尤
揖,yi1,仄,入声十四缉
孙,sun1,平,上平十三元
禅,shan4,平、仄,下平一先、去声十七霰
乏,fa2,仄,入声十六叶
骊,li2,平,上平八齐、上平四支
狭,xia2,仄,入声十六叶
楠,nan2,平,下平十四盐、下平十三覃
檎,qin2,平,下平十二侵
则,ze2,仄,入声十三职
命,ming4,仄,去声二十四敬
航,hang2,平,下平七阳
盈,ying2,平,下平八庚
蔻,kou4,仄,去声二十六宥
瘢,ban1,平,上平十四寒
累,lei4,平、仄,上平四支、去声四寘、上声四纸
抉,jue2,仄,入声九屑
犹,you2,平、仄,去声二十六宥、下平十一尤
各,ge4,仄,入声十药
八,ba1,仄,入声八黠
恐,kong3,仄,上声二肿、去声二宋
端,duan1,平,上平十四寒
沉,chen2,平,下平十二侵
卦,gua4,仄,去声十卦
凸,tu1,仄,入声九屑、入声六月
炒,chao3,仄,上声十八巧
亏,yu2,平,上平四支
讫,qi4,仄,入声五物
笈,ji2,仄,入声十四缉、入声十五合
盘,pan2,平,上平十四寒
莅,li4,仄,去声四寘
楯,shun3,仄,上声十一轸、去声十二震
咙,long2,平,上平一东
睹,du3,仄,上声七麌
式,shi4,仄,入声十三职
哺,bu3,仄,去声七遇
耐,nai4,仄,去声十一队
仞,ren4,仄,去声十二震
铿,keng1,平,下平八庚
竣,jun4,平,上平十一真、下平一先
獒,ao2,平,下平四豪
炙,zhi4,仄,入声十一陌、去声二十二祃
讯,xun4,仄,去声十二震
荣,rong2,平,下平八庚
单,dan1,平、仄,下平一先、上平十四寒、上声十六铣
抨,peng1,平,下平八庚
敝,bi4,仄,去声八霁
喊,han3,仄,上声二十九豏、上声二十七感
褶,zhe2,仄,入声十四缉、入声十五合
典,dian3,仄,上声十六铣
窗,chuang1,平,上平三江
淤,yu1,平、仄,去声六御、上平六鱼
柑,gan1,平,下平十三覃
症,zheng4,平、仄,去声二十五径、下平十蒸
褥,ru4,仄,入声二沃
箭,jian4,仄,去声十七霰
烦,fan2,平,上平十三元
鹦,ying1,平,下平八庚
赏,shang3,仄,上声二十二养
伛,yu3,仄,上声七麌
复,fu4,仄,入声一屋、去声二十六宥
贼,zei2,仄,入声十三职
聆,ling2,平,下平九青
怒,nu4,仄,上声七麌、去声七遇
色,se4,仄,入声十三职
相,xiang1,平、仄,下平七阳、去声二十三漾
贺,he4,仄,去声二十一个
买,mai3,仄,上声九蟹
年,nian2,平,下平一先
丞,cheng2,平,下平十蒸
蓦,mo4,仄,入声十一陌
铗,jia2,仄,入声十五合
狩,shou4,仄,去声二十六宥
冒,mao4,仄,入声十三职、去声二十号
栅,zha4,仄,去声十六谏、入声十一陌
态,tai4,仄,去声十一队
蹑,nie4,仄,入声十五合
按,an4,仄,去声十五翰
薪,xin1,平,上平十一真
涟,lian2,平,下平一先
扉,fei1,平,上平五微
夷,yi2,平,上平四支
胤,yin4,仄,去声十二震
骏,jun4,仄,去声十二震
螳,tang2,平,下平七阳
敲,qiao1,平、仄,去声十九效、下平三肴
戛,jia2,仄,入声八黠
骓,zhui1,平,上平四支
缘,yuan2,平、仄,下平一先、去声十七霰
邢,xing2,平,下平九青
祼,guan4,仄,去声十五翰
乞,qi3,仄,入声五物
藩,fan2,平,上平十三元
藁,gao3,仄,上声十九皓
石,shi2,仄,入声十一陌
咀,ju3,平、仄,上声六语、上平六鱼
鳍,qi2,平,上平四支
蔓,man4,仄,去声十四愿
属,shu3,仄,入声二沃、去声七遇
以,yi3,仄,上声四纸
碓,dui4,仄,去声十一队
妃,fei1,平,上平五微
棉,mian2,平,下平一先
橘,ju2,仄,入声四质
冷,leng3,仄,上声二十三梗
架,jia4,仄,去声二十二祃
顽,wan2,平,上平十五删
窑,yao2,平,下平二萧
魔,mo2,平,下平五歌
否,fou3,平、仄,上声二十五有、上声七麌、下平十一尤、上声四纸
揾,wen4,平、仄,上声十二吻、去声十四愿、入声六月、上平十二文
斯,si1,平,上平四支
芝,zhi1,平,上平四支
涛,tao1,平,下平四豪
粮,liang2,平,下平七阳
纣,zhou4,仄,上声二十五有
利,li4,仄,去声四寘
籥,yue4,仄,入声十药
穆,mu4,仄,入声一屋
劈,pi1,仄,入声十二锡
髻,ji4,仄,去声八霁
君,jun1,平,上平十二文
吠,fei4,仄,去声十一队
民,min2,平,上平十一真
鄂,e4,仄,入声十药
逻,luo2,平、仄,下平五歌、去声二十一个
返,fan3,仄,上声十三阮
告,gao4,仄,入声一屋、入声二沃、去声二十号
蔷,qiang2,平、仄,下平七阳、入声十三职
阖,ge2,仄,入声十五合
菲,fei1,平、仄,去声五未、上声五尾、上平五微
怕,pa4,仄,去声二十二祃
隼,zhun3,仄,上声十一轸
当,dang1,平、仄,下平七阳、去声二十三漾
休,xiu1,平,下平十一尤
妪,yu4,仄,去声七遇
侦,zhen1,平、仄,去声二十四敬、下平八庚
肖,xiao4,仄,去声十八啸
龚,gong1,平,上平二冬
素,su4,仄,去声七遇
祭,ji4,仄,去声八霁、去声十卦
墙,qiang2,平,下平七阳
赁,ren4,仄,去声二十七沁
羁,ji1,平,上平四支
阔,kuo4,仄,入声七曷
瓤,rang2,平,下平七阳
视,shi4,仄,去声四寘、上声四纸
翌,yi4,仄,入声十三职
梅,mei2,平,上平十灰
垆,lu2,平,上平七虞
焉,yan1,平,下平一先
澈,che4,仄,入声九屑
闇,an4,平、仄,下平十二侵、下平十三覃、去声二十八勘、上声二十九豏、上声二十七感、上声二十六寝
茇,ba2,仄,入声七曷
雹,bao2,仄,入声三觉
恼,nao3,仄,上声十九皓
箔,bo2,仄,入声十药
快,kuai4,仄,去声十卦
和,he2,平、仄,下平五歌、去声二十一个
害,hai4,仄,去声九泰
黩,du2,仄,入声一屋
婢,bi4,仄,上声四纸
鱼,yu2,平,上平六鱼
蒌,lou2,平、仄,上平七虞、上声七麌、下平十一尤
究,jiu1,仄,去声二十六宥
聊,liao2,平,下平二萧
极,ji2,仄,入声十三职
完,wan2,平,上平十四寒
墟,xu1,平,上平六鱼
嚣,xiao1,平,下平二萧、下平四豪
凝,ning2,平、仄,去声二十五径、下平十蒸
娄,lou2,平、仄,上平七虞、上声二十五有、上声七麌、下平十一尤
璧,bi4,仄,入声十一陌
播,bo1,仄,去声二十一个、上声二十哿
钉,ding1,平、仄,下平九青、去声二十五径
衩,cha4,仄,去声二十二祃、去声十卦
纫,ren4,平、仄,上平十一真、去声十二震
律,lv4,仄,入声四质
孽,nie4,仄,入声九屑
芽,ya2,平,下平六麻
悦,yue4,仄,入声九屑
劲,jing4,仄,去声二十四敬
胞,bao1,平,下平三肴
麻,ma2,平,下平六麻
虔,qian2,平,下平一先
祟,sui4,仄,去声四寘
拽,ye4,仄,入声九屑
唏,xi1,平、仄,去声五未、去声四寘、上声五尾、去声十卦、上声四纸、上平五微
府,fu3,仄,上声七麌
商,shang1,平,下平七阳
悉,xi1,仄,入声四质
将,jiang1,平、仄,下平七阳、去声二十三漾
锒,lang2,平,下平七阳
纺,fang3,仄,上声二十二养
赘,zhui4,仄,去声八霁
绷,beng1,平,下平八庚
小,xiao3,仄,上声十七筱
询,xun2,平,上平十一真
胯,kua4,仄,去声二十二祃、去声七遇
经,jing1,平、仄,下平九青、去声二十五径
内,nei4,仄,去声十一队
黎,li2,平,上平八齐
祁,qi2,平,上平四支
洪,hong2,平,上平一东
匪,fei3,仄,上声五尾
茜,qian4,仄,去声十七霰
俱,ju4,平,上平七虞
琅,lang2,平,下平七阳
抵,di3,仄,上声八荠、上声四纸
釜,fu3,仄,上声七麌
讳,hui4,仄,去声五未
酋,qiu2,平,下平十一尤
肾,shen4,仄,上声十一轸
佐,zuo3,仄,去声二十一个、上声二十哿
敕,chi4,仄,入声十三职
境,jing4,仄,上声二十三梗
蒋,jiang3,平、仄,下平七阳、上声二十二养
投,tou2,平,下平十一尤
匆,cong1,平,上平一东
专,zhuan1,平,下平一先
终,zhong1,平,上平一东
螫,shi4,仄,入声十一陌
蕉,jiao1,平,下平二萧
漩,xuan2,平、仄,下平一先、去声十七霰
芭,ba1,平,下平六麻
汩,gu3,仄,入声四质
燃,ran2,平,下平一先
味,wei4,仄,去声五未
姓,xing4,仄,去声二十四敬
缆,lan4,仄,去声二十八勘
饶,rao2,平,下平二萧
翰,han4,平、仄,去声十五翰、上平十四寒
详,xiang2,平,下平七阳
酪,lao4,仄,入声十药
桎,zhi4,仄,入声四质
及,ji2,仄,入声十四缉
越,yue4,仄,入声六月、入声七曷
嚅,ru2,平,上平七虞
家,jia1,平,下平六麻
伯,bo2,仄,入声十一陌
煎,jian1,平、仄,下平一先、去声十七霰
拄,zhu3,仄,上声七麌
醢,hai3,仄,上声十贿
蛀,zhu4,仄,去声七遇
貂,diao1,平,下平二萧
子,zi3,仄,上声四纸
屹,yi4,仄,入声五物
倖,xing4,仄,上声二十三梗
苇,wei3,仄,上声五尾
稳,wen3,仄,上声十三阮
可,ke3,仄,上声二十哿
征,zheng1,平,下平十蒸、下平八庚
仍,reng2,平,下平十蒸
窦,dou4,仄,去声二十六宥
桡,nao2,平、仄,去声十九效、下平二萧
履,lv3,仄,上声四纸
藿,huo4,仄,入声十药
弧,hu2,平,上平七虞
牧,mu4,仄,入声一屋
随,sui2,平,上平四支
塔,ta3,仄,入声十五合
杳,yao3,仄,上声十七筱
夙,su4,仄,入声一屋
兕,si4,仄,上声四纸
斓,lan2,平,上平十五删
泉,quan2,平,下平一先
往,wang3,仄,上声二十二养
萄,tao2,平,下平四豪
奁,lian2,平,下平十四盐
旖,yi3,平、仄,上平四支、上声四纸
锣,luo2,平,下平五歌
恢,hui1,平,上平十灰
辔,pei4,仄,去声四寘
与,yu3,平、仄,上声六语、去声六御、上平六鱼
飨,xiang3,仄,上声二十二养
时,shi2,平,上平四支
儒,ru2,平,上平七虞
访,fang3,仄,去声二十三漾
鲤,li3,仄,上声四纸
惠,hui4,仄,去声八霁
筱,xiao3,仄,上声十七筱
逐,zhu2,仄,入声一屋
痔,zhi4,仄,上声四纸
河,he2,平,下平五歌
捣,dao3,仄,上声十九皓
铩,sha1,仄,入声八黠、去声十卦
拭,shi4,仄,入声十三职
又,you4,仄,去声二十六宥
豺,chai2,平,上平九佳
池,chi2,平,上平四支
扯,che3,仄,上声二十一马
哲,zhe2,仄,入声九屑
诣,yi4,仄,去声八霁
遮,zhe1,平,下平六麻
瘁,cui4,仄,去声四寘
肚,du4,仄,上声七麌
熠,yi4,仄,入声十四缉
蟒,mang3,仄,上声二十二养
吟,yin2,平、仄,下平十二侵、去声二十七沁
拟,ni3,仄,上声四纸
效,xiao4,仄,去声十九效
昔,xi1,仄,入声十一陌、入声十药
趄,ju1,平,上平六鱼
伍,wu3,仄,上声七麌
楂,zha1,平,下平六麻
鲙,kuai4,仄,去声九泰
囹,ling2,平,下平九青
玎,ding1,平,下平九青
畸,ji1,平,上平四支
秤,cheng4,仄,去声二十五径
躁,zao4,仄,去声二十号
人,ren2,平,上平十一真
奇,qi2,平,上平四支
黯,an4,平、仄,上声二十九豏、下平十五咸
次,ci4,仄,去声四寘
奔,ben1,平、仄,去声十四愿、上平十三元
具,ju4,仄,去声七遇
冢,zhong3,仄,上声二肿
閒,xian2,平、仄,去声十六谏、上平十五删
孛,bei4,仄,去声十一队、入声六月
拾,shi2,仄,入声十四缉
穿,chuan1,平、仄,下平一先、去声十七霰
槛,jian4,仄,上声二十九豏
塞,sai1,仄,去声十一队、入声十三职
偷,tou1,平,下平十一尤
舒,shu1,平,上平六鱼
梵,fan4,仄,去声三十陷
务,wu4,仄,去声七遇
益,yi4,仄,入声十一陌
裂,lie4,仄,入声九屑
笔,bi3,仄,入声四质
煞,sha1,仄,入声八黠
烟,yan1,平,下平一先
汀,ting1,平,下平九青
愤,fen4,仄,上声十二吻
蚓,yin3,仄,上声十一轸
椿,chun1,平,上平十一真
雨,yu3,仄,上声六语、上声七麌、去声七遇
牵,qian1,平、仄,下平一先、去声十七霰
葺,qi4,仄,入声十四缉
秦,qin2,平,上平十一真
春,chun1,平,上平十一真
馆,guan3,仄,上声十四旱、去声十五翰
肿,zhong3,仄,上声二肿
演,yan3,仄,上声十六铣
贯,guan4,仄,去声十五翰
厩,jiu4,仄,去声二十六宥
氤,yin1,平,上平十一真
坨,tuo2,平,上平四支
语,yu3,仄,上声六语、去声六御
徽,hui1,平,上平五微
频,pin2,平,上平十一真
霭,ai3,仄,去声九泰
秧,yang1,平,下平七阳
铢,zhu1,平,上平七虞
赈,zhen4,仄,上声十一轸、去声十二震
燥,zao4,仄,上声十九皓
潇,xiao1,平,下平二萧
诩,xu3,仄,上声七麌
霍,huo4,仄,入声十药
硕,shuo4,仄,入声十一陌
逡,qun1,平,上平十一真
岖,qu1,平,上平七虞
沫,mo4,仄,入声七曷
冗,rong3,仄,上声二肿
殷,yin1,平、仄,上声十二吻、上平十一真、上平十五删、上平十二文
泠,ling2,平,下平九青
抑,yi4,仄,入声十三职
菁,jing1,平,下平八庚
遥,yao2,平,下平二萧
沾,zhan1,平、仄,去声二十九艳、下平十四盐
俩,lia3,仄,上声二十二养
肢,zhi1,平,上平四支
糅,rou3,仄,上声二十五有、去声二十六宥
如,ru2,平、仄,去声六御、上平六鱼
谗,chan2,平、仄,去声三十陷、下平十五咸
勒,le4,仄,入声十三职
曲,qu1,仄,入声一屋、入声二沃
潺,chan2,平,下平一先、上平十五删
倜,ti4,仄,入声十二锡
婿,xu4,仄,去声八霁
谣,yao2,平,下平二萧
忘,wang4,平、仄,下平七阳、去声二十三漾
选,xuan3,仄,上声十六铣、去声十七霰
攀,pan1,平,上平十五删
眸,mou2,平,下平十一尤
或,huo4,仄,入声十三职
左,zuo3,仄,去声二十一个、上声二十哿
垣,yuan2,平,上平十三元
漠,mo4,仄,入声十药
械,xie4,仄,去声十卦
诽,fei3,平、仄,去声五未、上声五尾、上平五微
琼,qiong2,平,下平八庚
吁,xu1,平、仄,上平七虞、去声七遇
剧,ju4,仄,入声十一陌
屡,lv3,仄,去声七遇
赝,yan4,仄,去声十六谏
礼,li3,仄,上声八荠
钮,niu3,仄,上声二十五有
脆,cui4,仄,去声八霁
祐,you4,仄,去声二十六宥
矍,jue2,仄,入声十药
加,jia1,平,下平六麻
惺,xing1,平、仄,下平九青、上声二十四迥
昭,zhao1,平、仄,下平二萧、上声十七筱
欣,xin1,平,上平十二文
扣,kou4,仄,上声二十五有、去声二十六宥
厦,sha4,仄,去声二十二祃、上声二十一马
撷,xie2,仄,入声九屑
噬,shi4,仄,去声八霁
椎,zhui1,平,上平四支
筚,bi4,仄,入声四质
喋,die2,仄,入声十六叶、入声十五合
狙,ju1,平、仄,去声六御、上平六鱼
黠,xia2,仄,入声八黠
叉,cha1,平,下平六麻
宰,zai3,仄,上声十贿
眯,mi3,仄,上声八荠
柰,nai4,仄,去声九泰
售,shou4,平、仄,去声二十六宥、下平十一尤
荚,jia2,仄,入声十五合
撕,si1,平,上平八齐
县,xian4,平、仄,下平一先、去声十七霰
溃,kui4,仄,去声十一队
诸,zhu1,平,上平六鱼
遛,liu2,平,下平十一尤
仄,ze4,仄,入声十三职
镕,rong2,平,上平二冬
挨,ai1,平,上平九佳
擦,ca1,仄,入声八黠
童,tong2,平,上平一东
峙,zhi4,仄,上声四纸
趁,chen4,仄,上声十六铣、去声十二震
兹,zi1,平,上平四支
绩,ji1,仄,入声十二锡
竞,jing4,仄,去声二十四敬
帼,guo2,仄,入声十一陌
狱,yu4,仄,入声二沃
苹,ping2,平,下平八庚
韧,ren4,仄,去声十二震
雷,lei2,平,上平十灰
瘴,zhang4,仄,去声二十三漾
苡,yi3,仄,上声四纸
灌,guan4,仄,去声十五翰
邸,di3,仄,上声八荠
万,wan4,仄,去声十四愿
蝥,mao2,平,下平十一尤
尘,chen2,平,上平十一真
矣,yi3,仄,上声四纸
昌,chang1,平,下平七阳
烽,feng1,平,上平一东、上平二冬
先,xian1,平、仄,下平一先、去声十七霰
茧,chong2,仄,上声十六铣
虱,shi1,仄,入声四质
际,ji4,仄,去声八霁
棋,qi2,平,上平四支
匠,jiang4,仄,去声二十三漾
涝,lao4,平、仄,下平四豪、去声二十号、上声十九皓
酩,ming2,仄,上声二十四迥
豚,tun2,平,上平十三元
虚,xu1,平,上平六鱼
摊,tan1,平、仄,去声十五翰、上平十四寒
耕,geng1,平,下平八庚
腹,fu4,仄,入声一屋
戎,rong2,平,上平一东
泛,fan4,仄,去声三十陷
婀,e1,平、仄,下平五歌、上声二十哿
踌,chou2,平,下平十一尤
颉,jie2,仄,入声八黠、入声九屑
艰,jian1,平,上平十五删
涨,zhang3,仄,去声二十三漾
墅,shu4,仄,上声六语
竽,yu2,平,上平七虞
玮,wei3,仄,上声五尾
督,du1,仄,入声二沃
奉,feng4,仄,上声二肿、去声二宋
铤,ting3,仄,上声二十四迥
深,shen1,平、仄,下平十二侵、去声二十七沁
蜡,la4,仄,去声二十二祃、入声十五合
挈,qie4,仄,入声九屑
滩,tan1,平、仄,去声十五翰、上平十四寒
湾,wan1,平,上平十五删
榆,yu2,平,上平七虞
蹙,cu4,仄,入声一屋
喂,wei4,仄,去声四寘、上声十贿
舜,shun4,仄,去声十二震
径,jing4,平、仄,下平九青、去声二十五径
阑,lan2,平,上平十四寒
饬,chi4,仄,入声十三职
蓠,li2,平,上平四支
莆,fu3,平、仄,上平七虞、上声七麌
矗,chu4,仄,入声一屋
勋,xun1,平,上平十二文
菊,ju2,仄,入声一屋
檀,tan2,平,上平十四寒
叩,kou4,仄,上声二十五有、去声二十六宥
鼎,ding3,仄,上声二十四迥
瑛,ying1,平,下平八庚
队,dui4,仄,去声十一队
百,bai3,仄,入声十一陌
泻,xie4,仄,去声二十二祃、上声二十一马
吊,diao4,仄,去声十八啸、入声十二锡
鹅,e2,平,下平五歌
鄙,bi3,仄,上声四纸
菟,tu4,平、仄,上平七虞、去声七遇
鲫,ji4,仄,入声十一陌、入声十三职
况,kuang4,仄,去声二十三漾
蹰,chu2,平,上平七虞
莽,mang3,仄,上声二十二养、上声二十五有、上声七麌
尸,shi1,平,上平四支
扼,e4,仄,入声十一陌
棱,leng2,平,下平十蒸
燎,liao3,平、仄,去声十八啸、下平二萧、上声十七筱
偏,pian1,平,下平一先
销,xiao1,平,下平二萧
鼯,wu2,平,上平七虞
忱,chen2,平,下平十二侵
辈,bei4,仄,去声十一队
戚,qi1,仄,入声十二锡
摄,she4,仄,入声十五合
腓,fei2,平,上平五微
浓,nong2,平,上平二冬
吾,wu2,平,上平七虞、下平六麻
啄,zhuo2,仄,入声一屋、入声三觉
诹,zou1,平,上平七虞、下平十一尤
缓,huan3,仄,上声十四旱、上声十三阮
耍,shua3,仄,上声二十一马
克,ke4,仄,入声十三职
薯,shu3,仄,去声六御
能,neng2,平,上平十灰、下平十蒸
速,su4,仄,入声一屋
荃,quan2,平,下平一先
恳,ken3,仄,上声十三阮
饪,ren4,仄,上声二十六寝
卉,hui4,仄,去声五未、上声五尾
崖,ya2,平,上平九佳、上平四支
藉,jie4,仄,入声十一陌、去声二十二祃
箬,ruo4,仄,入声十药
蝮,fu4,仄,入声一屋
猾,hua2,仄,入声八黠
壤,rang3,仄,上声二十二养
廿,nian4,仄,入声十四缉
囚,qiu2,平,下平十一尤
丛,cong2,平,上平一东
楼,lou2,平,下平十一尤
腊,la4,仄,入声十一陌、入声十五合
孩,hai2,平,上平十灰
裙,qun2,平,上平十二文
唐,tang2,平,下平七阳
鲔,wei3,仄,上声四纸
怆,chuang4,平、仄,下平七阳、去声二十三漾
虫,chong2,平,上平一东
呢,ni2,平,上平四支
渡,du4,仄,去声七遇
稗,bai4,仄,去声十卦
槟,bin1,平,上平十一真
缈,miao3,仄,上声十七筱
寂,ji4,仄,入声十二锡
喻,yu4,平、仄,上平七虞、去声七遇
跷,qiao1,平,下平二萧
峻,jun4,仄,去声十二震
使,shi3,仄,去声四寘、上声四纸
堑,qian4,仄,去声二十九艳
蜿,wan1,平、仄,上声十三阮、上平十三元
控,kong4,仄,去声一送
樱,ying1,平,下平八庚
倍,bei4,仄,去声十一队、上声十贿
拒,ju4,仄,上声六语
匕,bi3,仄,上声四纸
岷,min2,平,上平十一真
殚,dan1,平,上平十四寒
吮,shun3,仄,上声十一轸、上声十六铣
榕,rong2,平,上平二冬
绒,rong2,平,上平一东
理,li3,仄,上声四纸
饥,ji1,平,上平四支、上平五微
稀,xi1,平,上平五微
袷,jia2,仄,入声十六叶
芸,yun2,平,上平十二文
即,ji2,仄,入声十三职
侃,kan3,仄,上声十四旱、去声十五翰
谈,tan2,平,下平十三覃
凑,cou4,仄,去声二十六宥
谢,xie4,仄,去声二十二祃
委,wei3,平、仄,上平四支、上声四纸
淬,cui4,仄,去声十一队
杭,hang2,平,下平七阳
衿,jin1,平,下平十二侵
獠,liao2,平、仄,去声十八啸、下平二萧
蹴,cu4,仄,入声一屋
铉,xuan4,仄,上声十六铣
给,gei3,仄,入声十四缉
园,yuan2,平,上平十三元
鞭,bian1,平,下平一先
影,ying3,仄,上声二十三梗
今,jin1,平,下平十二侵
逸,yi4,仄,入声四质
仕,shi4,仄,上声四纸
薜,bi4,仄,入声十一陌、去声八霁
仁,ren2,平,上平十一真
幻,huan4,仄,去声十六谏
湖,hu2,平,上平七虞
缚,fu2,仄,入声十药
豁,huo1,仄,入声七曷
蓿,su4,仄,入声一屋
恺,kai3,仄,上声十贿
盒,he2,仄,入声十五合
尖,jian1,平,下平十四盐
切,qie1,仄,去声八霁、入声九屑
折,zhe2,平、仄,上平八齐、入声九屑、入声十五合
衫,shan1,平,下平十五咸
的,de5,仄,入声十二锡
蘸,zhan4,仄,去声三十陷
鲠,geng3,仄,上声二十三梗
适,shi4,仄,入声十一陌、入声十二锡、入声七曷
智,zhi4,仄,去声四寘
泅,qiu2,平,下平十一尤
都,du1,平,上平七虞
井,jing3,仄,上声二十三梗
毋,wu2,平,上平七虞
筑,zhu2,仄,入声一屋
嘈,cao2,平,下平四豪
笆,ba1,平,下平六麻
蒿,hao1,平,下平四豪
葆,bao3,仄,上声十九皓
眷,juan4,仄,去声十七霰
厢,xiang1,平,下平七阳
晃,huang3,仄,上声二十二养
跻,ji1,平,上平八齐
磐,pan2,平,上平十四寒
赞,zan4,仄,去声十五翰
刀,dao1,平,下平四豪
彬,bin1,平,上平十一真
箴,zhen1,平,下平十二侵
靠,kao4,仄,去声二十号
学,xue2,仄,入声三觉
模,mo2,平,上平七虞
磁,ci2,平,上平四支
整,zheng3,仄,上声二十三梗
马,ma3,仄,上声二十一马
糗,qiu3,仄,上声二十五有、去声二十六宥
惋,wan3,仄,去声十五翰
射,she4,仄,入声十一陌、去声二十二祃
原,yuan2,平,上平十三元
半,ban4,仄,去声十五翰
种,zhong3,平、仄,上平一东、上声二肿、去声二宋
滴,di1,仄,入声十二锡
跌,die1,仄,入声九屑
凛,lin3,仄,上声二十六寝
甚,shen2,仄,上声二十六寝、去声二十七沁
庇,bi4,仄,去声四寘
懒,lan3,仄,上声十四旱
钵,bo1,仄,入声七曷
姻,yin1,平,上平十一真
洋,yang2,平,下平七阳
不,bu4,平、仄,入声五物、上声二十五有、下平十一尤、入声六月
珞,luo4,仄,入声十药
塘,tang2,平,下平七阳
实,shi2,仄,入声四质
方,fang1,平,下平七阳
岱,dai4,仄,去声十一队
鲈,lu2,平,上平七虞
篱,li2,平,上平四支
搭,da1,仄,入声十五合
泪,lei4,仄,去声四寘
栈,zhan4,仄,去声十六谏、上声十六铣、上声十五潸
陨,yun3,仄,上声十一轸
秘,mi4,仄,去声四寘
弗,fu2,仄,入声五物
黛,dai4,仄,去声十一队
龟,gui1,平,上平四支、下平十一尤
由,you2,平,下平十一尤
婚,hun1,平,上平十三元
羹,geng1,平,下平八庚
彝,yi2,平,上平四支
纽,niu3,仄,上声二十五有
怎,zen3,仄,上声二十六寝
驻,zhu4,仄,去声七遇
配,pei4,仄,去声十一队
送,song4,仄,去声一送
冬,dong1,平,上平二冬
祥,xiang2,平,下平七阳
举,ju3,仄,上声六语
嚏,ti4,仄,去声八霁
裁,cai2,平、仄,去声十一队、上平十灰
赚,zhuan4,仄,去声三十陷
玉,yu4,仄,入声二沃
筵,yan2,平,下平一先
莴,wo1,平,下平五歌
圄,yu3,仄,上声六语
芳,fang1,平,下平七阳
碎,sui4,仄,去声十一队
觎,yu2,平、仄,上平七虞、去声七遇
睫,jie2,仄,入声十五合
就,jiu4,仄,去声二十六宥
樊,fan2,平,上平十三元
艮,gen4,仄,去声十四愿
酣,han1,平,下平十三覃
甄,zhen1,平,上平十一真、下平一先
蝶,die2,仄,入声十五合
灰,hui1,平,上平十灰
煌,huang2,平,下平七阳
弯,wan1,平,上平十五删
勤,qin2,平,上平十二文
潜,qian2,平、仄,去声二十九艳、下平十四盐
尝,chang2,平,下平七阳
焦,jiao1,平,下平二萧
砺,li4,仄,去声八霁
饼,bing3,仄,上声二十三梗
咎,jiu4,平、仄,上声二十五有、下平四豪
戋,jian1,平,下平一先
暑,shu3,仄,上声六语
雅,ya3,平、仄,上声二十一马、下平六麻
无,wu2,平,上平七虞
输,shu1,平、仄,上平七虞、去声七遇
轨,gui3,仄,上声四纸
试,shi4,仄,去声四寘
呀,ya1,平,下平六麻
兰,lan2,平,上平十四寒
帖,tie1,仄,入声十五合
磊,lei3,仄,上声十贿
莫,mo4,仄,入声十一陌、入声十药、去声七遇
边,bian1,平,下平一先
瑚,hu2,平,上平七虞
疚,jiu4,仄,去声二十六宥
敦,dun1,平、仄,上平十四寒、上平十灰、去声十一队、上平十三元、去声十四愿
瓯,ou1,平,下平十一尤
店,dian4,仄,去声二十九艳
苜,mu4,仄,入声一屋
萦,ying2,平,下平八庚
玢,bin1,平,上平十一真
舆,yu2,平、仄,去声六御、上平六鱼
古,gu3,仄,上声七麌
妇,fu4,仄,上声二十五有、去声七遇
擢,zhuo2,仄,入声三觉
楔,xie1,仄,入声九屑
娩,mian3,仄,上声十三阮
还,huan2,平,下平一先、上平十五删
波,bo1,平,下平五歌
戏,xi4,平、仄,上平四支、去声四寘
妨,fang2,平、仄,下平七阳、去声二十三漾
啭,zhuan4,仄,去声十七霰
醋,cu4,仄,去声七遇
疹,zhen3,仄,上声十一轸
纶,lun2,平,上平十一真、上平十五删
暄,xuan1,平,上平十三元
秸,jie1,平、仄,上平九佳、入声八黠
凋,diao1,平,下平二萧
狞,ning2,平,下平八庚
巢,chao2,平,下平三肴
灵,ling2,平,下平九青
扇,shan4,平、仄,下平一先、去声十七霰
组,zu3,仄,上声七麌
噎,ye1,仄,去声八霁、入声九屑
净,jing4,平、仄,去声二十四敬、下平八庚
提,ti2,平,上平八齐、上平四支
茅,mao2,平,下平三肴
葵,kui2,平,上平四支
簸,bo4,仄,去声二十一个、上声二十哿
萱,xuan1,平,上平十三元
蔑,mie4,仄,入声九屑
冶,ye3,仄,上声二十一马
蜓,ting2,平、仄,下平九青、上声十六铣
髯,ran2,平,下平十四盐
帘,lian2,平,下平十四盐
壮,zhuang4,仄,去声二十三漾
